"Month","Sub Index","Record Type","Master (Parent) CSJ","Individual Project CSJ","Has Multi-CSJs?","Sub-CSJ Count","Let Date","County","Highway","District","Project Type","Estimate ($)"
"2026-06","1","Sub-CSJ Project","0027-12-164","0192-01-103","Sub-CSJ of 0027-12-164","Sub-CSJ #2",,"Fort Bend",,,,".00"
"2026-06","2","Sub-CSJ Project","0027-12-164","0027-06-062","Sub-CSJ of 0027-12-164","Sub-CSJ #3",,"Fort Bend",,,,".00"
"2026-06","3","Sub-CSJ Project","0027-12-164","0027-08-186","Sub-CSJ of 0027-12-164","Sub-CSJ #4",,"Fort Bend",,,,".00"
"2026-06","4","Sub-CSJ Project","0027-12-164","0027-07-044","Sub-CSJ of 0027-12-164","Sub-CSJ #5",,"Fort Bend",,,,".00"
"2026-06","5","Sub-CSJ Project","0027-12-164","0089-09-090","Sub-CSJ of 0027-12-164","Sub-CSJ #6",,"Fort Bend",,,,".00"
"2026-06","6","Sub-CSJ Project","0027-12-164","0027-13-245","Sub-CSJ of 0027-12-164","Sub-CSJ #7",,"Fort Bend",,,,".00"
"2026-06","7","Sub-CSJ Project","0105-04-047","0311-03-015","Sub-CSJ of 0105-04-047","Sub-CSJ #2",,"Motley",,,,".00"
"2026-06","8","Sub-CSJ Project","0291-03-077","0526-01-021","Sub-CSJ of 0291-03-077","Sub-CSJ #2",,"Kerr",,,,".00"
"2026-06","9","Sub-CSJ Project","0920-00-167","0920-00-169","Sub-CSJ of 0920-00-167","Sub-CSJ #2",,"Jefferson",,,,".00"
"2026-06","10","Sub-CSJ Project","0920-00-167","0920-02-104","Sub-CSJ of 0920-00-167","Sub-CSJ #3",,"Jefferson",,,,".00"
"2026-06","11","Sub-CSJ Project","0167-01-122","0167-01-137","Sub-CSJ of 0167-01-122","Sub-CSJ #2",,"El Paso",,,,".00"
"2026-06","12","Sub-CSJ Project","1068-04-181","2964-05-034","Sub-CSJ of 1068-04-181","Sub-CSJ #2",,"Dallas",,,,".00"
"2026-06","13","Sub-CSJ Project","1068-04-181","2964-04-010","Sub-CSJ of 1068-04-181","Sub-CSJ #3",,"Dallas",,,,".00"
"2026-06","14","Sub-CSJ Project","0915-00-283","0025-02-230","Sub-CSJ of 0915-00-283","Sub-CSJ #2",,"Bexar",,,,".00"
"2026-06","15","Sub-CSJ Project","0915-00-283","0024-08-150","Sub-CSJ of 0915-00-283","Sub-CSJ #3",,"Bexar",,,,".00"
"2026-06","16","Sub-CSJ Project","0915-00-283","0521-06-166","Sub-CSJ of 0915-00-283","Sub-CSJ #4",,"Bexar",,,,".00"
"2026-06","17","Sub-CSJ Project","0915-00-283","0025-02-231","Sub-CSJ of 0915-00-283","Sub-CSJ #5",,"Bexar",,,,".00"
"2026-06","18","Sub-CSJ Project","0915-00-283","0017-10-295","Sub-CSJ of 0915-00-283","Sub-CSJ #6",,"Bexar",,,,".00"
"2026-06","19","Sub-CSJ Project","0915-00-283","0521-06-165","Sub-CSJ of 0915-00-283","Sub-CSJ #7",,"Bexar",,,,".00"
"2026-06","20","Sub-CSJ Project","0915-00-283","0143-04-074","Sub-CSJ of 0915-00-283","Sub-CSJ #8",,"Bexar",,,,".00"
"2026-06","21","Sub-CSJ Project","1683-01-040","0543-06-007","Sub-CSJ of 1683-01-040","Sub-CSJ #2",,"Fort Bend",,,,".00"
"2026-06","22","Sub-CSJ Project","0067-18-010","3272-01-007","Sub-CSJ of 0067-18-010","Sub-CSJ #2",,"Swisher",,,,".00"
"2026-06","23","Sub-CSJ Project","0067-18-010","0068-01-085","Sub-CSJ of 0067-18-010","Sub-CSJ #3",,"Swisher",,,,".00"
"2026-06","24","Sub-CSJ Project","0067-18-010","0068-01-084","Sub-CSJ of 0067-18-010","Sub-CSJ #4",,"Swisher",,,,".00"
"2026-06","25","Sub-CSJ Project","0918-46-334","0918-46-335","Sub-CSJ of 0918-46-334","Sub-CSJ #2",,"Denton",,,,".00"
"2026-06","26","Sub-CSJ Project","0908-33-115","0908-33-116","Sub-CSJ of 0908-33-115","Sub-CSJ #2",,"Taylor",,,,".00"
"2026-06","27","Sub-CSJ Project","0133-08-038","0284-03-011","Sub-CSJ of 0133-08-038","Sub-CSJ #2",,"Young",,,,".00"
"2026-06","28","Sub-CSJ Project","0133-08-038","0134-02-063","Sub-CSJ of 0133-08-038","Sub-CSJ #3",,"Young",,,,".00"
"2026-06","29","Sub-CSJ Project","0133-08-038","0444-04-024","Sub-CSJ of 0133-08-038","Sub-CSJ #4",,"Young",,,,".00"
"2026-06","30","Sub-CSJ Project","0133-08-038","0562-05-018","Sub-CSJ of 0133-08-038","Sub-CSJ #5",,"Young",,,,".00"
"2026-06","31","Sub-CSJ Project","2094-01-073","0220-03-038","Sub-CSJ of 2094-01-073","Sub-CSJ #2",,"Hidalgo",,,,".00"
"2026-06","32","Sub-CSJ Project","2094-01-073","1228-03-055","Sub-CSJ of 2094-01-073","Sub-CSJ #3",,"Hidalgo",,,,".00"
"2026-06","33","Sub-CSJ Project","2094-01-073","0698-03-108","Sub-CSJ of 2094-01-073","Sub-CSJ #4",,"Hidalgo",,,,".00"
"2026-06","34","Sub-CSJ Project","2094-01-073","0039-02-080","Sub-CSJ of 2094-01-073","Sub-CSJ #5",,"Hidalgo",,,,".00"
"2026-06","35","Sub-CSJ Project","2094-01-073","0327-07-046","Sub-CSJ of 2094-01-073","Sub-CSJ #6",,"Hidalgo",,,,".00"
"2026-06","36","Sub-CSJ Project","0920-38-287","0920-38-297","Sub-CSJ of 0920-38-287","Sub-CSJ #2",,"Jefferson",,,,".00"
"2026-06","37","Sub-CSJ Project","0861-01-071","0861-01-074","Sub-CSJ of 0861-01-071","Sub-CSJ #2",,"Hidalgo",,,,".00"
"2026-06","38","Sub-CSJ Project","0990-02-015","1095-03-019","Sub-CSJ of 0990-02-015","Sub-CSJ #2",,"Jim Wells",,,,".00"
"2026-06","39","Sub-CSJ Project","0990-02-015","2886-02-018","Sub-CSJ of 0990-02-015","Sub-CSJ #3",,"Jim Wells",,,,".00"
"2026-06","40","Sub-CSJ Project","0990-02-015","1052-01-085","Sub-CSJ of 0990-02-015","Sub-CSJ #4",,"Jim Wells",,,,".00"
"2026-06","41","Sub-CSJ Project","0919-13-020","0919-19-093","Sub-CSJ of 0919-13-020","Sub-CSJ #2",,"Panola",,,,".00"
"2026-06","42","Sub-CSJ Project","0919-13-020","0919-13-022","Sub-CSJ of 0919-13-020","Sub-CSJ #3",,"Panola",,,,".00"
"2026-06","43","Sub-CSJ Project","0919-13-020","0919-13-021","Sub-CSJ of 0919-13-020","Sub-CSJ #4",,"Panola",,,,".00"
"2026-06","44","Sub-CSJ Project","0720-03-153","0720-03-154","Sub-CSJ of 0720-03-153","Sub-CSJ #2",,"Harris",,,,".00"
"2026-06","45","Sub-CSJ Project","0042-05-033","0042-05-034","Sub-CSJ of 0042-05-033","Sub-CSJ #2",,"Armstrong",,,,".00"
"2026-06","46","Sub-CSJ Project","0042-05-033","0042-04-046","Sub-CSJ of 0042-05-033","Sub-CSJ #3",,"Armstrong",,,,".00"
"2026-06","47","Sub-CSJ Project","0042-05-033","0042-05-035","Sub-CSJ of 0042-05-033","Sub-CSJ #4",,"Armstrong",,,,".00"
"2026-06","48","Sub-CSJ Project","0042-05-033","0042-04-045","Sub-CSJ of 0042-05-033","Sub-CSJ #5",,"Armstrong",,,,".00"
"2026-06","49","Sub-CSJ Project","0903-15-113","0903-32-008","Sub-CSJ of 0903-15-113","Sub-CSJ #2",,"Cooke",,,,".00"
"2026-06","50","Sub-CSJ Project","0903-15-113","0903-30-048","Sub-CSJ of 0903-15-113","Sub-CSJ #3",,"Cooke",,,,".00"
"2026-06","51","Sub-CSJ Project","0903-15-113","0903-27-032","Sub-CSJ of 0903-15-113","Sub-CSJ #4",,"Cooke",,,,".00"
"2026-06","52","Sub-CSJ Project","0683-02-086","2100-01-074","Sub-CSJ of 0683-02-086","Sub-CSJ #2",,"Travis",,,,".00"
