"Letting Month","Controlling CSJ","Letting Category","County","Proposal File Name","TxDOT FTP Link","Bid Cobra Included"
"August 2026 (2026-08)","6498-38-001","Local-Let Maintenance (District)","Anderson","Anderson 6498-38-001.pdf","https://ftp.txdot.gov/plans/Local-Let-Maintenance/2026/08%20August/08%20Plans/Anderson%206498-38-001.pdf","YES"
"August 2026 (2026-08)","6506-21-001","Local-Let Maintenance (District)","Tarrant","Tarrant 6506-21-001.pdf","https://ftp.txdot.gov/plans/Local-Let-Maintenance/2026/08%20August/08%20Plans/Tarrant%206506-21-001.pdf","YES"
"August 2026 (2026-08)","0018-05-089","State-Let Construction","Webb","Webb 0018-05-089 Proposal.pdf","https://ftp.txdot.gov/plans/State-Let-Construction/2026/08%20August/08%20Proposals/Webb%200018-05-089%20Proposal.pdf","YES"
"August 2026 (2026-08)","0922-00-080","State-Let Construction","Webb","Webb 0922-00-080 Proposal.pdf","https://ftp.txdot.gov/plans/State-Let-Construction/2026/08%20August/08%20Proposals/Webb%200922-00-080%20Proposal.pdf","YES"
"August 2026 (2026-08)","6507-25-001","Local-Let Maintenance (District)","Randall","Randall 6507-25-001.pdf","https://ftp.txdot.gov/plans/Local-Let-Maintenance/2026/08%20August/08%20Plans/Randall%206507-25-001.pdf","YES"
"August 2026 (2026-08)","6505-52-001","State-Let Maintenance","Dallam","Dallam 6505-52-001 Proposal.pdf","https://ftp.txdot.gov/plans/State-Let-Maintenance/2026/08%20August/08%20Proposals/Dallam%206505-52-001%20Proposal.pdf","YES"
"August 2026 (2026-08)","6505-09-001","Local-Let Maintenance (District)","Midland","Midland 6505-09-001.pdf","https://ftp.txdot.gov/plans/Local-Let-Maintenance/2026/08%20August/08%20Plans/Midland%206505-09-001.pdf","YES"
"August 2026 (2026-08)","6504-51-001","Local-Let Maintenance (District)","Wise","Wise 6504-51-001.pdf","https://ftp.txdot.gov/plans/Local-Let-Maintenance/2026/08%20August/08%20Plans/Wise%206504-51-001.pdf","YES"
"August 2026 (2026-08)","6502-55-001","Local-Let Maintenance (District)","Denton","Denton 6502-55-001.pdf","https://ftp.txdot.gov/plans/Local-Let-Maintenance/2026/08%20August/08%20Plans/Denton%206502-55-001.pdf","YES"
"August 2026 (2026-08)","0327-06-031","State-Let Construction","Willacy","Willacy 0327-06-031 Proposal.pdf","https://ftp.txdot.gov/plans/State-Let-Construction/2026/08%20August/08%20Proposals/Willacy%200327-06-031%20Proposal.pdf","YES"
"August 2026 (2026-08)","0050-06-108","State-Let Construction","Harris","Harris 0050-06-108 Proposal.pdf","https://ftp.txdot.gov/plans/State-Let-Construction/2026/08%20August/08%20Proposals/Harris%200050-06-108%20Proposal.pdf","YES"
"August 2026 (2026-08)","0013-08-154","State-Let Construction","Wise","Wise 0013-08-154 Proposal.pdf","https://ftp.txdot.gov/plans/State-Let-Construction/2026/08%20August/08%20Proposals/Wise%200013-08-154%20Proposal.pdf","YES"
"August 2026 (2026-08)","0902-00-323","State-Let Construction","Tarrant","Tarrant 0902-00-323 Proposal.pdf","https://ftp.txdot.gov/plans/State-Let-Construction/2026/08%20August/08%20Proposals/Tarrant%200902-00-323%20Proposal.pdf","YES"
"August 2026 (2026-08)","0314-07-070","State-Let Construction","Parker","Parker 0314-07-070 Proposal.pdf","https://ftp.txdot.gov/plans/State-Let-Construction/2026/08%20August/08%20Proposals/Parker%200314-07-070%20Proposal.pdf","YES"
"August 2026 (2026-08)","6505-33-001","Local-Let Maintenance (District)","Midland","Midland 6505-33-001.pdf","https://ftp.txdot.gov/plans/Local-Let-Maintenance/2026/08%20August/08%20Plans/Midland%206505-33-001.pdf","YES"
"August 2026 (2026-08)","6500-42-001","Local-Let Maintenance (District)","Denton","Denton 6500-42-001.pdf","https://ftp.txdot.gov/plans/Local-Let-Maintenance/2026/08%20August/08%20Plans/Denton%206500-42-001.pdf","YES"
"August 2026 (2026-08)","6500-51-001","State-Let Maintenance","Webb","Webb 6500-51-001 Proposal.pdf","https://ftp.txdot.gov/plans/State-Let-Maintenance/2026/08%20August/08%20Proposals/Webb%206500-51-001%20Proposal.pdf","YES"
"August 2026 (2026-08)","6504-53-001","Local-Let Maintenance (District)","Tarrant","Tarrant 6504-53-001.pdf","https://ftp.txdot.gov/plans/Local-Let-Maintenance/2026/08%20August/08%20Plans/Tarrant%206504-53-001.pdf","YES"
"August 2026 (2026-08)","0095-04-079","State-Let Construction","Kaufman","Kaufman 0095-04-079 Proposal.pdf","https://ftp.txdot.gov/plans/State-Let-Construction/2026/08%20August/08%20Proposals/Kaufman%200095-04-079%20Proposal.pdf","YES"
"August 2026 (2026-08)","0089-07-166","State-Let Construction","Wharton","Wharton 0089-07-166 Proposal.pdf","https://ftp.txdot.gov/plans/State-Let-Construction/2026/08%20August/08%20Proposals/Wharton%200089-07-166%20Proposal.pdf","YES"
"August 2026 (2026-08)","0581-01-177","State-Let Construction","Dallas","Dallas 0581-01-177 Proposal.pdf","https://ftp.txdot.gov/plans/State-Let-Construction/2026/08%20August/08%20Proposals/Dallas%200581-01-177%20Proposal.pdf","YES"
"August 2026 (2026-08)","6488-40-001","Local-Let Maintenance (District)","Denton","Denton 6488-40-001.pdf","https://ftp.txdot.gov/plans/Local-Let-Maintenance/2026/08%20August/08%20Plans/Denton%206488-40-001.pdf","YES"
"August 2026 (2026-08)","6487-01-001","Local-Let Maintenance (District)","Dallas","Dallas 6487-01-001.pdf","https://ftp.txdot.gov/plans/Local-Let-Maintenance/2026/08%20August/08%20Plans/Dallas%206487-01-001.pdf","YES"
"August 2026 (2026-08)","6500-90-001","Local-Let Maintenance (District)","Gonzales","Gonzales 6500-90-001.pdf","https://ftp.txdot.gov/plans/Local-Let-Maintenance/2026/08%20August/08%20Plans/Gonzales%206500-90-001.pdf","YES"
"August 2026 (2026-08)","6499-90-001","Local-Let Maintenance (District)","Lamar","Lamar 6499-90-001.pdf","https://ftp.txdot.gov/plans/Local-Let-Maintenance/2026/08%20August/08%20Plans/Lamar%206499-90-001.pdf","YES"
"August 2026 (2026-08)","6506-66-001","Local-Let Maintenance (District)","Fannin","Fannin 6506-66-001.pdf","https://ftp.txdot.gov/plans/Local-Let-Maintenance/2026/08%20August/08%20Plans/Fannin%206506-66-001.pdf","YES"
"August 2026 (2026-08)","6505-55-001","State-Let Maintenance","Hutchinson","Hutchinson 6505-55-001 Proposal.pdf","https://ftp.txdot.gov/plans/State-Let-Maintenance/2026/08%20August/08%20Proposals/Hutchinson%206505-55-001%20Proposal.pdf","YES"
"August 2026 (2026-08)","0917-16-040","State-Let Construction","Leon","Leon 0917-16-040 Proposal.pdf","https://ftp.txdot.gov/plans/State-Let-Construction/2026/08%20August/08%20Proposals/Leon%200917-16-040%20Proposal.pdf","YES"
"August 2026 (2026-08)","0150-02-043","State-Let Construction","Llano","Llano 0150-02-043 Proposal.pdf","https://ftp.txdot.gov/plans/State-Let-Construction/2026/08%20August/08%20Proposals/Llano%200150-02-043%20Proposal.pdf","YES"
"August 2026 (2026-08)","0902-20-238","State-Let Construction","Wise","Wise 0902-20-238 Proposal.pdf","https://ftp.txdot.gov/plans/State-Let-Construction/2026/08%20August/08%20Proposals/Wise%200902-20-238%20Proposal.pdf","YES"
"August 2026 (2026-08)","0902-90-286","State-Let Construction","Tarrant","Tarrant 0902-90-286 Proposal.pdf","https://ftp.txdot.gov/plans/State-Let-Construction/2026/08%20August/08%20Proposals/Tarrant%200902-90-286%20Proposal.pdf","YES"
"August 2026 (2026-08)","3510-04-069","State-Let Construction","TxDOT District","Fort Bend 3510-04-069 Proposal.pdf","https://ftp.txdot.gov/plans/State-Let-Construction/2026/08%20August/08%20Proposals/Fort%20Bend%203510-04-069%20Proposal.pdf","YES"
"August 2026 (2026-08)","0041-07-121","State-Let Construction","Potter","Potter 0041-07-121 Proposal.pdf","https://ftp.txdot.gov/plans/State-Let-Construction/2026/08%20August/08%20Proposals/Potter%200041-07-121%20Proposal.pdf","YES"
"August 2026 (2026-08)","6505-40-001","Local-Let Maintenance (District)","TxDOT District","Jim Wells 6505-40-001..pdf","https://ftp.txdot.gov/plans/Local-Let-Maintenance/2026/08%20August/08%20Plans/Jim%20Wells%206505-40-001..pdf","YES"
"August 2026 (2026-08)","0027-10-074","State-Let Construction","Harris","Harris 0027-10-074 Proposal.pdf","https://ftp.txdot.gov/plans/State-Let-Construction/2026/08%20August/08%20Proposals/Harris%200027-10-074%20Proposal.pdf","YES"
"August 2026 (2026-08)","0186-03-071","State-Let Construction","Burleson","Burleson 0186-03-071 Proposal.pdf","https://ftp.txdot.gov/plans/State-Let-Construction/2026/08%20August/08%20Proposals/Burleson%200186-03-071%20Proposal.pdf","YES"
"August 2026 (2026-08)","6497-80-001","Local-Let Maintenance (District)","Nacogdoches","Nacogdoches 6497-80-001.pdf","https://ftp.txdot.gov/plans/Local-Let-Maintenance/2026/08%20August/08%20Plans/Nacogdoches%206497-80-001.pdf","YES"
"August 2026 (2026-08)","6505-37-001","Local-Let Maintenance (District)","Ector","Ector 6505-37-001.pdf","https://ftp.txdot.gov/plans/Local-Let-Maintenance/2026/08%20August/08%20Plans/Ector%206505-37-001.pdf","YES"
"August 2026 (2026-08)","6487-41-001","Local-Let Maintenance (District)","Bastrop","Bastrop 6487-41-001.pdf","https://ftp.txdot.gov/plans/Local-Let-Maintenance/2026/08%20August/08%20Plans/Bastrop%206487-41-001.pdf","YES"
"August 2026 (2026-08)","0254-01-149","State-Let Construction","TxDOT District","Live Oak 0254-01-149 Proposal.pdf","https://ftp.txdot.gov/plans/State-Let-Construction/2026/08%20August/08%20Proposals/Live%20Oak%200254-01-149%20Proposal.pdf","YES"
"August 2026 (2026-08)","1023-01-039","State-Let Construction","Chambers","Chambers 1023-01-039 Proposal.pdf","https://ftp.txdot.gov/plans/State-Let-Construction/2026/08%20August/08%20Proposals/Chambers%201023-01-039%20Proposal.pdf","YES"
"August 2026 (2026-08)","0920-39-028","State-Let Construction","Chambers","Chambers 0920-39-028 Proposal.pdf","https://ftp.txdot.gov/plans/State-Let-Construction/2026/08%20August/08%20Proposals/Chambers%200920-39-028%20Proposal.pdf","YES"
"August 2026 (2026-08)","6488-39-001","Local-Let Maintenance (District)","Denton","Denton 6488-39-001.pdf","https://ftp.txdot.gov/plans/Local-Let-Maintenance/2026/08%20August/08%20Plans/Denton%206488-39-001.pdf","YES"
"August 2026 (2026-08)","6499-31-001","Local-Let Maintenance (District)","Collin","Collin 6499-31-001.pdf","https://ftp.txdot.gov/plans/Local-Let-Maintenance/2026/08%20August/08%20Plans/Collin%206499-31-001.pdf","YES"
"August 2026 (2026-08)","0132-03-036","State-Let Construction","King","King 0132-03-036  Proposal.pdf","https://ftp.txdot.gov/plans/State-Let-Construction/2026/08%20August/08%20Proposals/King%200132-03-036%20%20Proposal.pdf","YES"
"August 2026 (2026-08)","6487-42-001","Local-Let Maintenance (District)","Burnet","Burnet 6487-42-001.pdf","https://ftp.txdot.gov/plans/Local-Let-Maintenance/2026/08%20August/08%20Plans/Burnet%206487-42-001.pdf","YES"
"August 2026 (2026-08)","0911-28-082","State-Let Construction","Houston","Houston 0911-28-082 Proposal.pdf","https://ftp.txdot.gov/plans/State-Let-Construction/2026/08%20August/08%20Proposals/Houston%200911-28-082%20Proposal.pdf","YES"
"August 2026 (2026-08)","6505-48-001","State-Let Maintenance","Cameron","Cameron 6505-48-001 Proposal.pdf","https://ftp.txdot.gov/plans/State-Let-Maintenance/2026/08%20August/08%20Proposals/Cameron%206505-48-001%20Proposal.pdf","YES"
"August 2026 (2026-08)","0204-06-069","State-Let Construction","Milam","Milam 0204-06-069 Proposal.pdf","https://ftp.txdot.gov/plans/State-Let-Construction/2026/08%20August/08%20Proposals/Milam%200204-06-069%20Proposal.pdf","YES"
"August 2026 (2026-08)","6504-88-001","Local-Let Maintenance (District)","Lamar","Lamar 6504-88-001.pdf","https://ftp.txdot.gov/plans/Local-Let-Maintenance/2026/08%20August/08%20Plans/Lamar%206504-88-001.pdf","YES"
"August 2026 (2026-08)","0327-08-109","State-Let Construction","Cameron","Cameron 0327-08-109 Proposal.pdf","https://ftp.txdot.gov/plans/State-Let-Construction/2026/08%20August/08%20Proposals/Cameron%200327-08-109%20Proposal.pdf","YES"
"August 2026 (2026-08)","6505-35-001","Local-Let Maintenance (District)","Pecos","Pecos 6505-35-001.pdf","https://ftp.txdot.gov/plans/Local-Let-Maintenance/2026/08%20August/08%20Plans/Pecos%206505-35-001.pdf","YES"
"August 2026 (2026-08)","6497-00-001","Local-Let Maintenance (District)","Harris","Harris 6497-00-001.pdf","https://ftp.txdot.gov/plans/Local-Let-Maintenance/2026/08%20August/08%20Plans/Harris%206497-00-001.pdf","YES"
"August 2026 (2026-08)","1197-01-027","State-Let Construction","Hays","Hays 1197-01-027 Proposal.pdf","https://ftp.txdot.gov/plans/State-Let-Construction/2026/08%20August/08%20Proposals/Hays%201197-01-027%20Proposal.pdf","YES"
"August 2026 (2026-08)","6495-42-001","Local-Let Maintenance (District)","Harris","Harris 6495-42-001.pdf","https://ftp.txdot.gov/plans/Local-Let-Maintenance/2026/08%20August/08%20Plans/Harris%206495-42-001.pdf","YES"
"August 2026 (2026-08)","0047-03-106","State-Let Construction","Grayson","Grayson 0047-03-106 Proposal.pdf","https://ftp.txdot.gov/plans/State-Let-Construction/2026/08%20August/08%20Proposals/Grayson%200047-03-106%20Proposal.pdf","YES"
"August 2026 (2026-08)","0991-02-014","State-Let Construction","Karnes","Karnes 0991-02-014 Proposal.pdf","https://ftp.txdot.gov/plans/State-Let-Construction/2026/08%20August/08%20Proposals/Karnes%200991-02-014%20Proposal.pdf","YES"
"August 2026 (2026-08)","1586-01-085","State-Let Construction","Hidalgo","Hidalgo 1586-01-085 Proposal.pdf","https://ftp.txdot.gov/plans/State-Let-Construction/2026/08%20August/08%20Proposals/Hidalgo%201586-01-085%20Proposal.pdf","YES"
"August 2026 (2026-08)","6502-66-001","Local-Let Maintenance (District)","Wood","Wood 6502-66-001.pdf","https://ftp.txdot.gov/plans/Local-Let-Maintenance/2026/08%20August/08%20Plans/Wood%206502-66-001.pdf","YES"
"August 2026 (2026-08)","1756-01-024","State-Let Construction","Jackson","Jackson 1756-01-024 Proposal.pdf","https://ftp.txdot.gov/plans/State-Let-Construction/2026/08%20August/08%20Proposals/Jackson%201756-01-024%20Proposal.pdf","YES"
"August 2026 (2026-08)","0784-02-011","State-Let Construction","Jasper","Jasper 0784-02-011 Proposal.pdf","https://ftp.txdot.gov/plans/State-Let-Construction/2026/08%20August/08%20Proposals/Jasper%200784-02-011%20Proposal.pdf","YES"
"August 2026 (2026-08)","6499-99-001","Local-Let Maintenance (District)","Kaufman","Kaufman 6499-99-001.pdf","https://ftp.txdot.gov/plans/Local-Let-Maintenance/2026/08%20August/08%20Plans/Kaufman%206499-99-001.pdf","YES"
"August 2026 (2026-08)","6505-53-001","Local-Let Maintenance (District)","Brazos","Brazos 6505-53-001.pdf","https://ftp.txdot.gov/plans/Local-Let-Maintenance/2026/08%20August/08%20Plans/Brazos%206505-53-001.pdf","YES"
"August 2026 (2026-08)","6487-43-001","Local-Let Maintenance (District)","Travis","Travis 6487-43-001.pdf","https://ftp.txdot.gov/plans/Local-Let-Maintenance/2026/08%20August/08%20Plans/Travis%206487-43-001.pdf","YES"
"August 2026 (2026-08)","6505-49-001","Local-Let Maintenance (District)","Midland","Midland 6505-49-001.pdf","https://ftp.txdot.gov/plans/Local-Let-Maintenance/2026/08%20August/08%20Plans/Midland%206505-49-001.pdf","YES"
"August 2026 (2026-08)","6504-83-001","Local-Let Maintenance (District)","Parker","Parker 6504-83-001.pdf","https://ftp.txdot.gov/plans/Local-Let-Maintenance/2026/08%20August/08%20Plans/Parker%206504-83-001.pdf","YES"
"August 2026 (2026-08)","6488-31-001","State-Let Maintenance","Jasper","Jasper 6488-31-001 Proposal.pdf","https://ftp.txdot.gov/plans/State-Let-Maintenance/2026/08%20August/08%20Proposals/Jasper%206488-31-001%20Proposal.pdf","YES"
"August 2026 (2026-08)","6505-34-001","Local-Let Maintenance (District)","Ector","Ector 6505-34-001.pdf","https://ftp.txdot.gov/plans/Local-Let-Maintenance/2026/08%20August/08%20Plans/Ector%206505-34-001.pdf","YES"
"August 2026 (2026-08)","2635-05-005","State-Let Construction","Randall","Randall 2635-05-005 Proposal.pdf","https://ftp.txdot.gov/plans/State-Let-Construction/2026/08%20August/08%20Proposals/Randall%202635-05-005%20Proposal.pdf","YES"
"August 2026 (2026-08)","0283-02-040","State-Let Construction","Archer","Archer 0283-02-040 Proposal.pdf","https://ftp.txdot.gov/plans/State-Let-Construction/2026/08%20August/08%20Proposals/Archer%200283-02-040%20Proposal.pdf","YES"
"August 2026 (2026-08)","1228-03-052","State-Let Construction","Hidalgo","Hidalgo 1228-03-052 Proposal.pdf","https://ftp.txdot.gov/plans/State-Let-Construction/2026/08%20August/08%20Proposals/Hidalgo%201228-03-052%20Proposal.pdf","YES"
"August 2026 (2026-08)","0114-02-112","State-Let Construction","Travis","Travis 0114-02-112 Proposal.pdf","https://ftp.txdot.gov/plans/State-Let-Construction/2026/08%20August/08%20Proposals/Travis%200114-02-112%20Proposal.pdf","YES"
"August 2026 (2026-08)","6504-37-001","Local-Let Maintenance (District)","Fannin","Fannin 6504-37-001.pdf","https://ftp.txdot.gov/plans/Local-Let-Maintenance/2026/08%20August/08%20Plans/Fannin%206504-37-001.pdf","YES"
"August 2026 (2026-08)","6501-07-001","Local-Let Maintenance (District)","Starr","Starr 6501-07-001.pdf","https://ftp.txdot.gov/plans/Local-Let-Maintenance/2026/08%20August/08%20Plans/Starr%206501-07-001.pdf","YES"
"August 2026 (2026-08)","0114-10-102","State-Let Construction","Washington","Washington 0114-10-102 Proposal.pdf","https://ftp.txdot.gov/plans/State-Let-Construction/2026/08%20August/08%20Proposals/Washington%200114-10-102%20Proposal.pdf","YES"
"August 2026 (2026-08)","6498-87-001","Local-Let Maintenance (District)","TxDOT District","El Paso 6498-87-001.pdf","https://ftp.txdot.gov/plans/Local-Let-Maintenance/2026/08%20August/08%20Plans/El%20Paso%206498-87-001.pdf","YES"
"August 2026 (2026-08)","6496-92-001","State-Let Maintenance","Cooke","Cooke 6496-92-001 Proposal.pdf","https://ftp.txdot.gov/plans/State-Let-Maintenance/2026/08%20August/08%20Proposals/Cooke%206496-92-001%20Proposal.pdf","YES"
"August 2026 (2026-08)","0140-13-023","State-Let Construction","Crockett","Crockett 0140-13-023 Proposal.pdf","https://ftp.txdot.gov/plans/State-Let-Construction/2026/08%20August/08%20Proposals/Crockett%200140-13-023%20Proposal.pdf","YES"
"August 2026 (2026-08)","6496-31-001","State-Let Maintenance","Bell","Bell 6496-31-001 Proposal.pdf","https://ftp.txdot.gov/plans/State-Let-Maintenance/2026/08%20August/08%20Proposals/Bell%206496-31-001%20Proposal.pdf","YES"
"August 2026 (2026-08)","0027-08-147","State-Let Construction","TxDOT District","Fort Bend 0027-08-147 Proposal.pdf","https://ftp.txdot.gov/plans/State-Let-Construction/2026/08%20August/08%20Proposals/Fort%20Bend%200027-08-147%20Proposal.pdf","YES"
"August 2026 (2026-08)","6505-22-001","State-Let Maintenance","Eastland","Eastland 6505-22-001 Proposal.pdf","https://ftp.txdot.gov/plans/State-Let-Maintenance/2026/08%20August/08%20Proposals/Eastland%206505-22-001%20Proposal.pdf","YES"
"August 2026 (2026-08)","0252-03-056","State-Let Construction","Blanco","Blanco 0252-03-056 Proposal.pdf","https://ftp.txdot.gov/plans/State-Let-Construction/2026/08%20August/08%20Proposals/Blanco%200252-03-056%20Proposal.pdf","YES"
"August 2026 (2026-08)","6489-35-001","State-Let Maintenance","Ellis","Ellis 6489-35-001 Proposal.pdf","https://ftp.txdot.gov/plans/State-Let-Maintenance/2026/08%20August/08%20Proposals/Ellis%206489-35-001%20Proposal.pdf","YES"
"August 2026 (2026-08)","6501-29-001","Local-Let Maintenance (District)","Gregg","Gregg 6501-29-001.pdf","https://ftp.txdot.gov/plans/Local-Let-Maintenance/2026/08%20August/08%20Plans/Gregg%206501-29-001.pdf","YES"
"August 2026 (2026-08)","0842-03-037","State-Let Construction","Victoria","Victoria 0842-03-037 Proposal.pdf","https://ftp.txdot.gov/plans/State-Let-Construction/2026/08%20August/08%20Proposals/Victoria%200842-03-037%20Proposal.pdf","YES"
"August 2026 (2026-08)","6504-02-001","Local-Let Maintenance (District)","Jefferson","Jefferson 6504-02-001.pdf","https://ftp.txdot.gov/plans/Local-Let-Maintenance/2026/08%20August/08%20Plans/Jefferson%206504-02-001.pdf","YES"
"August 2026 (2026-08)","0249-08-046","State-Let Construction","TxDOT District","Palo Pinto 0249-08-046 Proposal.pdf","https://ftp.txdot.gov/plans/State-Let-Construction/2026/08%20August/08%20Proposals/Palo%20Pinto%200249-08-046%20Proposal.pdf","YES"
"August 2026 (2026-08)","6505-50-001","State-Let Maintenance","Hemphill","Hemphill 6505-50-001 Proposal.pdf","https://ftp.txdot.gov/plans/State-Let-Maintenance/2026/08%20August/08%20Proposals/Hemphill%206505-50-001%20Proposal.pdf","YES"
"August 2026 (2026-08)","0092-06-111","State-Let Construction","Navarro","Navarro 0092-06-111 Proposal.pdf","https://ftp.txdot.gov/plans/State-Let-Construction/2026/08%20August/08%20Proposals/Navarro%200092-06-111%20Proposal.pdf","YES"
"August 2026 (2026-08)","6502-72-001","Local-Let Maintenance (District)","Midland","Midland 6502-72-001.pdf","https://ftp.txdot.gov/plans/Local-Let-Maintenance/2026/08%20August/08%20Plans/Midland%206502-72-001.pdf","YES"
"August 2026 (2026-08)","0914-18-130","State-Let Construction","Bastrop","Bastrop 0914-18-130 Proposal.pdf","https://ftp.txdot.gov/plans/State-Let-Construction/2026/08%20August/08%20Proposals/Bastrop%200914-18-130%20Proposal.pdf","YES"
"August 2026 (2026-08)","0913-28-101","State-Let Construction","Fayette","Fayette 0913-28-101 Proposal.pdf","https://ftp.txdot.gov/plans/State-Let-Construction/2026/08%20August/08%20Proposals/Fayette%200913-28-101%20Proposal.pdf","YES"
"August 2026 (2026-08)","6501-71-001","Local-Let Maintenance (District)","Smith","Smith 6501-71-001.pdf","https://ftp.txdot.gov/plans/Local-Let-Maintenance/2026/08%20August/08%20Plans/Smith%206501-71-001.pdf","YES"
"August 2026 (2026-08)","0915-12-820","State-Let Construction","Bexar","Bexar 0915-12-820 Proposal.pdf","https://ftp.txdot.gov/plans/State-Let-Construction/2026/08%20August/08%20Proposals/Bexar%200915-12-820%20Proposal.pdf","YES"
"August 2026 (2026-08)","3510-04-070","State-Let Construction","TxDOT District","Fort Bend 3510-04-070 Proposal.pdf","https://ftp.txdot.gov/plans/State-Let-Construction/2026/08%20August/08%20Proposals/Fort%20Bend%203510-04-070%20Proposal.pdf","YES"
"August 2026 (2026-08)","0909-00-074","State-Let Construction","McLennan","McLennan 0909-00-074 Proposal.pdf","https://ftp.txdot.gov/plans/State-Let-Construction/2026/08%20August/08%20Proposals/McLennan%200909-00-074%20Proposal.pdf","YES"
"August 2026 (2026-08)","0500-03-664","State-Let Construction","Harris","Harris 0500-03-664 Proposal.pdf","https://ftp.txdot.gov/plans/State-Let-Construction/2026/08%20August/08%20Proposals/Harris%200500-03-664%20Proposal.pdf","YES"
"August 2026 (2026-08)","0901-29-100","State-Let Construction","Lamar","Lamar 0901-29-100 Proposal.pdf","https://ftp.txdot.gov/plans/State-Let-Construction/2026/08%20August/08%20Proposals/Lamar%200901-29-100%20Proposal.pdf","YES"
"August 2026 (2026-08)","0389-02-061","State-Let Construction","Chambers","Chambers 0389-02-061 Proposal.pdf","https://ftp.txdot.gov/plans/State-Let-Construction/2026/08%20August/08%20Proposals/Chambers%200389-02-061%20Proposal.pdf","YES"
"August 2026 (2026-08)","6505-29-001","Local-Let Maintenance (District)","Nueces","Nueces 6505-29-001.pdf","https://ftp.txdot.gov/plans/Local-Let-Maintenance/2026/08%20August/08%20Plans/Nueces%206505-29-001.pdf","YES"
"August 2026 (2026-08)","0168-03-038","State-Let Construction","Parmer","Parmer 0168-03-038 Proposal.pdf","https://ftp.txdot.gov/plans/State-Let-Construction/2026/08%20August/08%20Proposals/Parmer%200168-03-038%20Proposal.pdf","YES"
"August 2026 (2026-08)","0037-02-060","State-Let Construction","Zavala","Zavala 0037-02-060 Proposal.pdf","https://ftp.txdot.gov/plans/State-Let-Construction/2026/08%20August/08%20Proposals/Zavala%200037-02-060%20Proposal.pdf","YES"
"August 2026 (2026-08)","6507-01-001","Local-Let Maintenance (District)","TxDOT District","San Patricio 6507-01-001.pdf","https://ftp.txdot.gov/plans/Local-Let-Maintenance/2026/08%20August/08%20Plans/San%20Patricio%206507-01-001.pdf","YES"
"August 2026 (2026-08)","0918-47-401","State-Let Construction","Dallas","Dallas 0918-47-401 Proposal.pdf","https://ftp.txdot.gov/plans/State-Let-Construction/2026/08%20August/08%20Proposals/Dallas%200918-47-401%20Proposal.pdf","YES"
"August 2026 (2026-08)","6504-50-001","Local-Let Maintenance (District)","Wise","Wise 6504-50-001.pdf","https://ftp.txdot.gov/plans/Local-Let-Maintenance/2026/08%20August/08%20Plans/Wise%206504-50-001.pdf","YES"
"August 2026 (2026-08)","6506-41-001","Local-Let Maintenance (District)","Pecos","Pecos 6506-41-001.pdf","https://ftp.txdot.gov/plans/Local-Let-Maintenance/2026/08%20August/08%20Plans/Pecos%206506-41-001.pdf","YES"
"August 2026 (2026-08)","6507-31-001","Local-Let Maintenance (District)","Potter","Potter 6507-31-001.pdf","https://ftp.txdot.gov/plans/Local-Let-Maintenance/2026/08%20August/08%20Plans/Potter%206507-31-001.pdf","YES"
"August 2026 (2026-08)","0541-02-033","State-Let Construction","Hall","Hall 0541-02-033 Proposal.pdf","https://ftp.txdot.gov/plans/State-Let-Construction/2026/08%20August/08%20Proposals/Hall%200541-02-033%20Proposal.pdf","YES"
"August 2026 (2026-08)","0921-02-525","State-Let Construction","Hidalgo","Hidalgo 0921-02-525 Proposal.pdf","https://ftp.txdot.gov/plans/State-Let-Construction/2026/08%20August/08%20Proposals/Hidalgo%200921-02-525%20Proposal.pdf","YES"
"August 2026 (2026-08)","6504-80-001","State-Let Maintenance","TxDOT District","El Paso 6504-80-001 Proposal.pdf","https://ftp.txdot.gov/plans/State-Let-Maintenance/2026/08%20August/08%20Proposals/El%20Paso%206504-80-001%20Proposal.pdf","YES"
"August 2026 (2026-08)","6501-02-001","Local-Let Maintenance (District)","Freestone","Freestone 6501-02-001.pdf","https://ftp.txdot.gov/plans/Local-Let-Maintenance/2026/08%20August/08%20Plans/Freestone%206501-02-001.pdf","YES"
"August 2026 (2026-08)","6505-38-001","State-Let Maintenance","Moore","Moore 6505-38-001 Proposal.pdf","https://ftp.txdot.gov/plans/State-Let-Maintenance/2026/08%20August/08%20Proposals/Moore%206505-38-001%20Proposal.pdf","YES"
"August 2026 (2026-08)","6505-51-001","State-Let Maintenance","Moore","Moore 6505-51-001 Proposal.pdf","https://ftp.txdot.gov/plans/State-Let-Maintenance/2026/08%20August/08%20Proposals/Moore%206505-51-001%20Proposal.pdf","YES"
"August 2026 (2026-08)","6502-67-001","Local-Let Maintenance (District)","Hunt","Hunt 6502-67-001.pdf","https://ftp.txdot.gov/plans/Local-Let-Maintenance/2026/08%20August/08%20Plans/Hunt%206502-67-001.pdf","YES"
"August 2026 (2026-08)","6499-75-001","Local-Let Maintenance (District)","TxDOT District","Jim Wells 6499-75-001.pdf","https://ftp.txdot.gov/plans/Local-Let-Maintenance/2026/08%20August/08%20Plans/Jim%20Wells%206499-75-001.pdf","YES"
"August 2026 (2026-08)","6504-75-001","Local-Let Maintenance (District)","Johnson","Johnson 6504-75-001.pdf","https://ftp.txdot.gov/plans/Local-Let-Maintenance/2026/08%20August/08%20Plans/Johnson%206504-75-001.pdf","YES"
"August 2026 (2026-08)","6504-94-001","State-Let Maintenance","TxDOT District","Live Oak 6504-94-001 Proposal.pdf","https://ftp.txdot.gov/plans/State-Let-Maintenance/2026/08%20August/08%20Proposals/Live%20Oak%206504-94-001%20Proposal.pdf","YES"
"August 2026 (2026-08)","0173-04-059","State-Let Construction","Kaufman","Kaufman 0173-04-059 Proposal.pdf","https://ftp.txdot.gov/plans/State-Let-Construction/2026/08%20August/08%20Proposals/Kaufman%200173-04-059%20Proposal.pdf","YES"
"August 2026 (2026-08)","6505-36-001","Local-Let Maintenance (District)","Midland","Midland 6505-36-001.pdf","https://ftp.txdot.gov/plans/Local-Let-Maintenance/2026/08%20August/08%20Plans/Midland%206505-36-001.pdf","YES"
"August 2026 (2026-08)","6487-40-001","Local-Let Maintenance (District)","Williamson","Williamson 6487-40-001.pdf","https://ftp.txdot.gov/plans/Local-Let-Maintenance/2026/08%20August/08%20Plans/Williamson%206487-40-001.pdf","YES"
"August 2026 (2026-08)","6506-23-001","State-Let Maintenance","Grayson","Grayson 6506-23-001 Proposal.pdf","https://ftp.txdot.gov/plans/State-Let-Maintenance/2026/08%20August/08%20Proposals/Grayson%206506-23-001%20Proposal.pdf","YES"
"August 2026 (2026-08)","6504-12-001","Local-Let Maintenance (District)","Bell","Bell 6504-12-001.pdf","https://ftp.txdot.gov/plans/Local-Let-Maintenance/2026/08%20August/08%20Plans/Bell%206504-12-001.pdf","YES"
"August 2026 (2026-08)","0222-03-065","State-Let Construction","Morris","Morris 0222-03-065 Proposal.pdf","https://ftp.txdot.gov/plans/State-Let-Construction/2026/08%20August/08%20Proposals/Morris%200222-03-065%20Proposal.pdf","YES"
"August 2026 (2026-08)","0237-06-054","State-Let Construction","Duval","Duval 0237-06-054 Proposal.pdf","https://ftp.txdot.gov/plans/State-Let-Construction/2026/08%20August/08%20Proposals/Duval%200237-06-054%20Proposal.pdf","YES"
"August 2026 (2026-08)","0013-05-046","State-Let Construction","Montague","Montague 0013-05-046 Proposal.pdf","https://ftp.txdot.gov/plans/State-Let-Construction/2026/08%20August/08%20Proposals/Montague%200013-05-046%20Proposal.pdf","YES"
"August 2026 (2026-08)","6497-54-001","Local-Let Maintenance (District)","Denton","Denton 6497-54-001.pdf","https://ftp.txdot.gov/plans/Local-Let-Maintenance/2026/08%20August/08%20Plans/Denton%206497-54-001.pdf","YES"
"August 2026 (2026-08)","0910-00-165","State-Let Construction","Smith","Smith 0910-00-165 Proposal.pdf","https://ftp.txdot.gov/plans/State-Let-Construction/2026/08%20August/08%20Proposals/Smith%200910-00-165%20Proposal.pdf","YES"
"August 2026 (2026-08)","6496-40-001","Local-Let Maintenance (District)","Shelby","Shelby 6496-40-001.pdf","https://ftp.txdot.gov/plans/Local-Let-Maintenance/2026/08%20August/08%20Plans/Shelby%206496-40-001.pdf","YES"
"August 2026 (2026-08)","6499-78-001","Local-Let Maintenance (District)","Goliad","Goliad 6499-78-001.pdf","https://ftp.txdot.gov/plans/Local-Let-Maintenance/2026/08%20August/08%20Plans/Goliad%206499-78-001.pdf","YES"
"August 2026 (2026-08)","0902-38-134","State-Let Construction","Parker","Parker 0902-38-134 Proposal.pdf","https://ftp.txdot.gov/plans/State-Let-Construction/2026/08%20August/08%20Proposals/Parker%200902-38-134%20Proposal.pdf","YES"
"August 2026 (2026-08)","0902-00-336","State-Let Construction","Tarrant","Tarrant 0902-00-336 Proposal.pdf","https://ftp.txdot.gov/plans/State-Let-Construction/2026/08%20August/08%20Proposals/Tarrant%200902-00-336%20Proposal.pdf","YES"
"August 2026 (2026-08)","6508-05-001","Local-Let Maintenance (District)","Terry","Terry 6508-05-001.pdf","https://ftp.txdot.gov/plans/Local-Let-Maintenance/2026/08%20August/08%20Plans/Terry%206508-05-001.pdf","YES"
"August 2026 (2026-08)","6505-57-001","Local-Let Maintenance (District)","Karnes","Karnes 6505-57-001.pdf","https://ftp.txdot.gov/plans/Local-Let-Maintenance/2026/08%20August/08%20Plans/Karnes%206505-57-001.pdf","YES"
"August 2026 (2026-08)","6504-63-001","Local-Let Maintenance (District)","Erath","Erath 6504-63-001.pdf","https://ftp.txdot.gov/plans/Local-Let-Maintenance/2026/08%20August/08%20Plans/Erath%206504-63-001.pdf","YES"
"August 2026 (2026-08)","0363-03-061","State-Let Construction","Tarrant","Tarrant 0363-03-061 Proposal.pdf","https://ftp.txdot.gov/plans/State-Let-Construction/2026/08%20August/08%20Proposals/Tarrant%200363-03-061%20Proposal.pdf","YES"
"August 2026 (2026-08)","6501-40-001","Local-Let Maintenance (District)","Collin","Collin 6501-40-001.pdf","https://ftp.txdot.gov/plans/Local-Let-Maintenance/2026/08%20August/08%20Plans/Collin%206501-40-001.pdf","YES"
"August 2026 (2026-08)","6500-92-001","State-Let Maintenance","Coryell","Coryell 6500-92-001 Proposal.pdf","https://ftp.txdot.gov/plans/State-Let-Maintenance/2026/08%20August/08%20Proposals/Coryell%206500-92-001%20Proposal.pdf","YES"
"August 2026 (2026-08)","0911-00-161","State-Let Construction","Angelina","Angelina 0911-00-161 Proposal.pdf","https://ftp.txdot.gov/plans/State-Let-Construction/2026/08%20August/08%20Proposals/Angelina%200911-00-161%20Proposal.pdf","YES"
"August 2026 (2026-08)","6501-08-001","State-Let Maintenance","Tarrant","Tarrant 6501-08-001 Proposal.pdf","https://ftp.txdot.gov/plans/State-Let-Maintenance/2026/08%20August/08%20Proposals/Tarrant%206501-08-001%20Proposal.pdf","YES"
"August 2026 (2026-08)","6504-95-001","Local-Let Maintenance (District)","Ector","Ector 6504-95-001.pdf","https://ftp.txdot.gov/plans/Local-Let-Maintenance/2026/08%20August/08%20Plans/Ector%206504-95-001.pdf","YES"
"August 2026 (2026-08)","6496-38-001","Local-Let Maintenance (District)","Waller","Waller 6496-38-001.pdf","https://ftp.txdot.gov/plans/Local-Let-Maintenance/2026/08%20August/08%20Plans/Waller%206496-38-001.pdf","YES"
"August 2026 (2026-08)","0906-32-067","State-Let Construction","Midland","Midland 0906-32-067 Proposal.pdf","https://ftp.txdot.gov/plans/State-Let-Construction/2026/08%20August/08%20Proposals/Midland%200906-32-067%20Proposal.pdf","YES"
"August 2026 (2026-08)","6497-47-001","State-Let Maintenance","Harris","Harris 6497-47-001 Proposal.pdf","https://ftp.txdot.gov/plans/State-Let-Maintenance/2026/08%20August/08%20Proposals/Harris%206497-47-001%20Proposal.pdf","YES"
"August 2026 (2026-08)","6493-78-001","Local-Let Maintenance (District)","Fannin","Fannin 6493-78-001.pdf","https://ftp.txdot.gov/plans/Local-Let-Maintenance/2026/08%20August/08%20Plans/Fannin%206493-78-001.pdf","YES"
"August 2026 (2026-08)","6501-42-001","Local-Let Maintenance (District)","Collin","Collin 6501-42-001.pdf","https://ftp.txdot.gov/plans/Local-Let-Maintenance/2026/08%20August/08%20Plans/Collin%206501-42-001.pdf","YES"
"August 2026 (2026-08)","0014-03-103","State-Let Construction","Johnson","Johnson 0014-03-103 Proposal.pdf","https://ftp.txdot.gov/plans/State-Let-Construction/2026/08%20August/08%20Proposals/Johnson%200014-03-103%20Proposal.pdf","YES"
"August 2026 (2026-08)","6505-12-001","Local-Let Maintenance (District)","Wichita","Wichita 6505-12-001.pdf","https://ftp.txdot.gov/plans/Local-Let-Maintenance/2026/08%20August/08%20Plans/Wichita%206505-12-001.pdf","YES"
"August 2026 (2026-08)","6504-62-001","Local-Let Maintenance (District)","Erath","Erath 6504-62-001.pdf","https://ftp.txdot.gov/plans/Local-Let-Maintenance/2026/08%20August/08%20Plans/Erath%206504-62-001.pdf","YES"
"August 2026 (2026-08)","6505-00-001","Local-Let Maintenance (District)","Walker","Walker 6505-00-001.pdf","https://ftp.txdot.gov/plans/Local-Let-Maintenance/2026/08%20August/08%20Plans/Walker%206505-00-001.pdf","YES"
"August 2026 (2026-08)","6504-76-001","Local-Let Maintenance (District)","Johnson","Johnson 6504-76-001.pdf","https://ftp.txdot.gov/plans/Local-Let-Maintenance/2026/08%20August/08%20Plans/Johnson%206504-76-001.pdf","YES"
"August 2026 (2026-08)","6505-18-001","Local-Let Maintenance (District)","Washington","Washington 6505-18-001.pdf","https://ftp.txdot.gov/plans/Local-Let-Maintenance/2026/08%20August/08%20Plans/Washington%206505-18-001.pdf","YES"
"August 2026 (2026-08)","1012-03-027","State-Let Construction","Collin","Collin 1012-03-027 Proposal.pdf","https://ftp.txdot.gov/plans/State-Let-Construction/2026/08%20August/08%20Proposals/Collin%201012-03-027%20Proposal.pdf","YES"
"August 2026 (2026-08)","0920-39-033","State-Let Construction","Chambers","Chambers 0920-39-033 Proposal.pdf","https://ftp.txdot.gov/plans/State-Let-Construction/2026/08%20August/08%20Proposals/Chambers%200920-39-033%20Proposal.pdf","YES"
"August 2026 (2026-08)","6506-64-001","Local-Let Maintenance (District)","Howard","Howard 6506-64-001.pdf","https://ftp.txdot.gov/plans/Local-Let-Maintenance/2026/08%20August/08%20Plans/Howard%206506-64-001.pdf","YES"
"August 2026 (2026-08)","6503-32-001","Local-Let Maintenance (District)","Dallas","Dallas 6503-32-001.pdf","https://ftp.txdot.gov/plans/Local-Let-Maintenance/2026/08%20August/08%20Plans/Dallas%206503-32-001.pdf","YES"
"August 2026 (2026-08)","6503-48-001","Local-Let Maintenance (District)","Harrison","Harrison 6503-48-001.pdf","https://ftp.txdot.gov/plans/Local-Let-Maintenance/2026/08%20August/08%20Plans/Harrison%206503-48-001.pdf","YES"
"August 2026 (2026-08)","0420-01-051","State-Let Construction","Jackson","Jackson 0420-01-051 Proposal.pdf","https://ftp.txdot.gov/plans/State-Let-Construction/2026/08%20August/08%20Proposals/Jackson%200420-01-051%20Proposal.pdf","YES"
"August 2026 (2026-08)","6505-30-001","Local-Let Maintenance (District)","Refugio","Refugio 6505-30-001.pdf","https://ftp.txdot.gov/plans/Local-Let-Maintenance/2026/08%20August/08%20Plans/Refugio%206505-30-001.pdf","YES"
"August 2026 (2026-08)","6505-58-001","Local-Let Maintenance (District)","Hidalgo","Hidalgo 6505-58-001.pdf","https://ftp.txdot.gov/plans/Local-Let-Maintenance/2026/08%20August/08%20Plans/Hidalgo%206505-58-001.pdf","YES"
"August 2026 (2026-08)","0050-05-071","State-Let Construction","Waller","Waller 0050-05-071 Proposal.pdf","https://ftp.txdot.gov/plans/State-Let-Construction/2026/08%20August/08%20Proposals/Waller%200050-05-071%20Proposal.pdf","YES"
"August 2026 (2026-08)","6501-43-001","Local-Let Maintenance (District)","Collin","Collin 6501-43-001.pdf","https://ftp.txdot.gov/plans/Local-Let-Maintenance/2026/08%20August/08%20Plans/Collin%206501-43-001.pdf","YES"
"August 2026 (2026-08)","6499-56-001","Local-Let Maintenance (District)","Angelina","Angelina 6499-56-001.pdf","https://ftp.txdot.gov/plans/Local-Let-Maintenance/2026/08%20August/08%20Plans/Angelina%206499-56-001.pdf","YES"
"August 2026 (2026-08)","6502-69-001","Local-Let Maintenance (District)","Smith","Smith 6502-69-001.pdf","https://ftp.txdot.gov/plans/Local-Let-Maintenance/2026/08%20August/08%20Plans/Smith%206502-69-001.pdf","YES"
"August 2026 (2026-08)","0069-07-113","State-Let Construction","TxDOT District","Tom Green 0069-07-113 Proposal.pdf","https://ftp.txdot.gov/plans/State-Let-Construction/2026/08%20August/08%20Proposals/Tom%20Green%200069-07-113%20Proposal.pdf","YES"
"August 2026 (2026-08)","6504-18-001","Local-Let Maintenance (District)","Collin","Collin 6504-18-001.pdf","https://ftp.txdot.gov/plans/Local-Let-Maintenance/2026/08%20August/08%20Plans/Collin%206504-18-001.pdf","YES"
"August 2026 (2026-08)","6504-54-001","Local-Let Maintenance (District)","Tarrant","Tarrant 6504-54-001.pdf","https://ftp.txdot.gov/plans/Local-Let-Maintenance/2026/08%20August/08%20Plans/Tarrant%206504-54-001.pdf","YES"
"August 2026 (2026-08)","6503-80-001","Local-Let Maintenance (District)","Parker","Parker 6503-80-001.pdf","https://ftp.txdot.gov/plans/Local-Let-Maintenance/2026/08%20August/08%20Plans/Parker%206503-80-001.pdf","YES"
"August 2026 (2026-08)","6505-44-001","Local-Let Maintenance (District)","Stephens","Stephens 6505-44-001.pdf","https://ftp.txdot.gov/plans/Local-Let-Maintenance/2026/08%20August/08%20Plans/Stephens%206505-44-001.pdf","YES"
"August 2026 (2026-08)","6501-48-001","Local-Let Maintenance (District)","Collin","Collin 6501-48-001.pdf","https://ftp.txdot.gov/plans/Local-Let-Maintenance/2026/08%20August/08%20Plans/Collin%206501-48-001.pdf","YES"
"August 2026 (2026-08)","0919-00-098","State-Let Construction","Cass","Cass 0919-00-098 Proposal.pdf","https://ftp.txdot.gov/plans/State-Let-Construction/2026/08%20August/08%20Proposals/Cass%200919-00-098%20Proposal.pdf","YES"
"August 2026 (2026-08)","0920-00-168","State-Let Construction","Jefferson","Jefferson 0920-00-168 Proposal.pdf","https://ftp.txdot.gov/plans/State-Let-Construction/2026/08%20August/08%20Proposals/Jefferson%200920-00-168%20Proposal.pdf","YES"
"August 2026 (2026-08)","6496-74-001","Local-Let Maintenance (District)","Navarro","Navarro 6496-74-001.pdf","https://ftp.txdot.gov/plans/Local-Let-Maintenance/2026/08%20August/08%20Plans/Navarro%206496-74-001.pdf","YES"
"August 2026 (2026-08)","6500-48-001","Local-Let Maintenance (District)","Kaufman","Kaufman 6500-48-001.pdf","https://ftp.txdot.gov/plans/Local-Let-Maintenance/2026/08%20August/08%20Plans/Kaufman%206500-48-001.pdf","YES"
"August 2026 (2026-08)","6507-21-001","Local-Let Maintenance (District)","Potter","Potter 6507-21-001.pdf","https://ftp.txdot.gov/plans/Local-Let-Maintenance/2026/08%20August/08%20Plans/Potter%206507-21-001.pdf","YES"
"August 2026 (2026-08)","6498-30-001","Local-Let Maintenance (District)","Collin","Collin 6498-30-001.pdf","https://ftp.txdot.gov/plans/Local-Let-Maintenance/2026/08%20August/08%20Plans/Collin%206498-30-001.pdf","YES"
"August 2026 (2026-08)","2552-04-055","State-Let Construction","TxDOT District","El Paso 2552-04-055 Proposal.pdf","https://ftp.txdot.gov/plans/State-Let-Construction/2026/08%20August/08%20Proposals/El%20Paso%202552-04-055%20Proposal.pdf","YES"
"August 2026 (2026-08)","6505-11-001","Local-Let Maintenance (District)","Nueces","Nueces 6505-11-001.pdf","https://ftp.txdot.gov/plans/Local-Let-Maintenance/2026/08%20August/08%20Plans/Nueces%206505-11-001.pdf","YES"
"August 2026 (2026-08)","6501-56-001","State-Let Maintenance","Bowie","Bowie 6501-56-001 Proposal.pdf","https://ftp.txdot.gov/plans/State-Let-Maintenance/2026/08%20August/08%20Proposals/Bowie%206501-56-001%20Proposal.pdf","YES"
"August 2026 (2026-08)","0902-90-283","State-Let Construction","Tarrant","Tarrant 0902-90-283 Proposal.pdf","https://ftp.txdot.gov/plans/State-Let-Construction/2026/08%20August/08%20Proposals/Tarrant%200902-90-283%20Proposal.pdf","YES"
"August 2026 (2026-08)","6501-01-001","Local-Let Maintenance (District)","Harris","Harris 6501-01-001.pdf","https://ftp.txdot.gov/plans/Local-Let-Maintenance/2026/08%20August/08%20Plans/Harris%206501-01-001.pdf","YES"
"August 2026 (2026-08)","6506-74-001","Local-Let Maintenance (District)","Hunt","Hunt 6506-74-001.pdf","https://ftp.txdot.gov/plans/Local-Let-Maintenance/2026/08%20August/08%20Plans/Hunt%206506-74-001.pdf","YES"
"August 2026 (2026-08)","6503-73-001","Local-Let Maintenance (District)","Grayson","Grayson 6503-73-001.pdf","https://ftp.txdot.gov/plans/Local-Let-Maintenance/2026/08%20August/08%20Plans/Grayson%206503-73-001.pdf","YES"
"August 2026 (2026-08)","6503-18-001","Local-Let Maintenance (District)","TxDOT District","Tom Green 6503-18-001.pdf","https://ftp.txdot.gov/plans/Local-Let-Maintenance/2026/08%20August/08%20Plans/Tom%20Green%206503-18-001.pdf","YES"
"August 2026 (2026-08)","0014-15-034","State-Let Construction","Tarrant","Tarrant 0014-15-034 Proposal.pdf","https://ftp.txdot.gov/plans/State-Let-Construction/2026/08%20August/08%20Proposals/Tarrant%200014-15-034%20Proposal.pdf","YES"
"August 2026 (2026-08)","0083-02-060","State-Let Construction","Hopkins","Hopkins 0083-02-060 Proposal.pdf","https://ftp.txdot.gov/plans/State-Let-Construction/2026/08%20August/08%20Proposals/Hopkins%200083-02-060%20Proposal.pdf","YES"
"August 2026 (2026-08)","6501-49-001","Local-Let Maintenance (District)","Collin","Collin 6501-49-001.pdf","https://ftp.txdot.gov/plans/Local-Let-Maintenance/2026/08%20August/08%20Plans/Collin%206501-49-001.pdf","YES"
"August 2026 (2026-08)","6498-31-001","Local-Let Maintenance (District)","Collin","Collin 6498-31-001.pdf","https://ftp.txdot.gov/plans/Local-Let-Maintenance/2026/08%20August/08%20Plans/Collin%206498-31-001.pdf","YES"
"August 2026 (2026-08)","6501-75-001","Local-Let Maintenance (District)","Parker","Parker 6501-75-001.pdf","https://ftp.txdot.gov/plans/Local-Let-Maintenance/2026/08%20August/08%20Plans/Parker%206501-75-001.pdf","YES"
"August 2026 (2026-08)","6500-14-001","Local-Let Maintenance (District)","Waller","Waller 6500-14-001.pdf","https://ftp.txdot.gov/plans/Local-Let-Maintenance/2026/08%20August/08%20Plans/Waller%206500-14-001.pdf","YES"
"August 2026 (2026-08)","6506-71-001","Local-Let Maintenance (District)","Grayson","Grayson 6506-71-001.pdf","https://ftp.txdot.gov/plans/Local-Let-Maintenance/2026/08%20August/08%20Plans/Grayson%206506-71-001.pdf","YES"
"August 2026 (2026-08)","6507-64-001","Local-Let Maintenance (District)","Hidalgo","Hidalgo 6507-64-001.pdf","https://ftp.txdot.gov/plans/Local-Let-Maintenance/2026/08%20August/08%20Plans/Hidalgo%206507-64-001.pdf","YES"
"August 2026 (2026-08)","0441-09-054","State-Let Construction","Reeves","Reeves 0441-09-054 Proposal.pdf","https://ftp.txdot.gov/plans/State-Let-Construction/2026/08%20August/08%20Proposals/Reeves%200441-09-054%20Proposal.pdf","YES"
"August 2026 (2026-08)","0916-00-254","State-Let Construction","Nueces","Nueces 0916-00-254 Proposal.pdf","https://ftp.txdot.gov/plans/State-Let-Construction/2026/08%20August/08%20Proposals/Nueces%200916-00-254%20Proposal.pdf","YES"
"August 2026 (2026-08)","6503-26-001","State-Let Maintenance","Brazos","Brazos 6503-26-001 Proposal.pdf","https://ftp.txdot.gov/plans/State-Let-Maintenance/2026/08%20August/08%20Proposals/Brazos%206503-26-001%20Proposal.pdf","YES"
"August 2026 (2026-08)","2528-01-006","State-Let Construction","Reeves","Reeves 2528-01-006 Proposal.pdf","https://ftp.txdot.gov/plans/State-Let-Construction/2026/08%20August/08%20Proposals/Reeves%202528-01-006%20Proposal.pdf","YES"
"August 2026 (2026-08)","6506-20-001","Local-Let Maintenance (District)","Tarrant","Tarrant 6506-20-001.pdf","https://ftp.txdot.gov/plans/Local-Let-Maintenance/2026/08%20August/08%20Plans/Tarrant%206506-20-001.pdf","YES"
"August 2026 (2026-08)","6505-41-001","State-Let Maintenance","Hansford","Hansford 6505-41-001 Proposal.pdf","https://ftp.txdot.gov/plans/State-Let-Maintenance/2026/08%20August/08%20Proposals/Hansford%206505-41-001%20Proposal.pdf","YES"
"August 2026 (2026-08)","6503-42-001","Local-Let Maintenance (District)","Shelby","Shelby 6503-42-001.pdf","https://ftp.txdot.gov/plans/Local-Let-Maintenance/2026/08%20August/08%20Plans/Shelby%206503-42-001.pdf","YES"
"August 2026 (2026-08)","6494-85-001","Local-Let Maintenance (District)","Eastland","Eastland 6494-85-001.pdf","https://ftp.txdot.gov/plans/Local-Let-Maintenance/2026/08%20August/08%20Plans/Eastland%206494-85-001.pdf","YES"
"August 2026 (2026-08)","6505-46-001","State-Let Maintenance","Austin","Austin 6505-46-001 Proposal.pdf","https://ftp.txdot.gov/plans/State-Let-Maintenance/2026/08%20August/08%20Proposals/Austin%206505-46-001%20Proposal.pdf","YES"
"August 2026 (2026-08)","6506-40-001","Local-Let Maintenance (District)","Houston","Houston 6506-40-001.pdf","https://ftp.txdot.gov/plans/Local-Let-Maintenance/2026/08%20August/08%20Plans/Houston%206506-40-001.pdf","YES"
"August 2026 (2026-08)","0364-05-043","State-Let Construction","Tarrant","Tarrant 0364-05-043 Proposal.pdf","https://ftp.txdot.gov/plans/State-Let-Construction/2026/08%20August/08%20Proposals/Tarrant%200364-05-043%20Proposal.pdf","YES"
"August 2026 (2026-08)","1685-05-140","State-Let Construction","Harris","Harris 1685-05-140 Proposal.pdf","https://ftp.txdot.gov/plans/State-Let-Construction/2026/08%20August/08%20Proposals/Harris%201685-05-140%20Proposal.pdf","YES"
"August 2026 (2026-08)","0025-02-234","State-Let Construction","Bexar","Bexar 0025-02-234 Proposal.pdf","https://ftp.txdot.gov/plans/State-Let-Construction/2026/08%20August/08%20Proposals/Bexar%200025-02-234%20Proposal.pdf","YES"
"August 2026 (2026-08)","6506-65-011","Local-Let Maintenance (District)","Nolan","Nolan 6506-65-011.pdf","https://ftp.txdot.gov/plans/Local-Let-Maintenance/2026/08%20August/08%20Plans/Nolan%206506-65-011.pdf","YES"
"August 2026 (2026-08)","6500-72-001","Local-Let Maintenance (District)","Culberson","Culberson 6500-72-001.pdf","https://ftp.txdot.gov/plans/Local-Let-Maintenance/2026/08%20August/08%20Plans/Culberson%206500-72-001.pdf","YES"
"August 2026 (2026-08)","6500-43-001","Local-Let Maintenance (District)","Navarro","Navarro 6500-43-001.pdf","https://ftp.txdot.gov/plans/Local-Let-Maintenance/2026/08%20August/08%20Plans/Navarro%206500-43-001.pdf","YES"
"August 2026 (2026-08)","6504-13-001","Local-Let Maintenance (District)","TxDOT District","San Jacinto 6504-13-001.pdf","https://ftp.txdot.gov/plans/Local-Let-Maintenance/2026/08%20August/08%20Plans/San%20Jacinto%206504-13-001.pdf","YES"
"August 2026 (2026-08)","6501-51-001","Local-Let Maintenance (District)","Childress","Childress 6501-51-001.pdf","https://ftp.txdot.gov/plans/Local-Let-Maintenance/2026/08%20August/08%20Plans/Childress%206501-51-001.pdf","YES"
"August 2026 (2026-08)","6503-54-001","Local-Let Maintenance (District)","Polk","Polk 6503-54-001.pdf","https://ftp.txdot.gov/plans/Local-Let-Maintenance/2026/08%20August/08%20Plans/Polk%206503-54-001.pdf","YES"
"August 2026 (2026-08)","6504-40-001","Local-Let Maintenance (District)","Parker","Parker 6504-40-001.pdf","https://ftp.txdot.gov/plans/Local-Let-Maintenance/2026/08%20August/08%20Plans/Parker%206504-40-001.pdf","YES"
"August 2026 (2026-08)","6501-41-001","Local-Let Maintenance (District)","Ellis","Ellis 6501-41-001.pdf","https://ftp.txdot.gov/plans/Local-Let-Maintenance/2026/08%20August/08%20Plans/Ellis%206501-41-001.pdf","YES"
"August 2026 (2026-08)","6503-79-001","Local-Let Maintenance (District)","Parker","Parker 6503-79-001.pdf","https://ftp.txdot.gov/plans/Local-Let-Maintenance/2026/08%20August/08%20Plans/Parker%206503-79-001.pdf","YES"
"August 2026 (2026-08)","6487-44-001","Local-Let Maintenance (District)","Travis","Travis 6487-44-001.pdf","https://ftp.txdot.gov/plans/Local-Let-Maintenance/2026/08%20August/08%20Plans/Travis%206487-44-001.pdf","YES"
"August 2026 (2026-08)","0051-09-128","State-Let Construction","Galveston","Galveston 0051-09-128 Proposal.pdf","https://ftp.txdot.gov/plans/State-Let-Construction/2026/08%20August/08%20Proposals/Galveston%200051-09-128%20Proposal.pdf","YES"
"August 2026 (2026-08)","0276-07-035","State-Let Construction","Frio","Frio 0276-07-035 Proposal.pdf","https://ftp.txdot.gov/plans/State-Let-Construction/2026/08%20August/08%20Proposals/Frio%200276-07-035%20Proposal.pdf","YES"
"August 2026 (2026-08)","0081-01-053","State-Let Construction","Tarrant","Tarrant 0081-01-053 Proposal.pdf","https://ftp.txdot.gov/plans/State-Let-Construction/2026/08%20August/08%20Proposals/Tarrant%200081-01-053%20Proposal.pdf","YES"
"August 2026 (2026-08)","2158-01-020","State-Let Construction","Gregg","Gregg 2158-01-020 Proposal.pdf","https://ftp.txdot.gov/plans/State-Let-Construction/2026/08%20August/08%20Proposals/Gregg%202158-01-020%20Proposal.pdf","YES"
"August 2026 (2026-08)","0208-01-026","State-Let Construction","Harrison","Harrison 0208-01-026 Proposal.pdf","https://ftp.txdot.gov/plans/State-Let-Construction/2026/08%20August/08%20Proposals/Harrison%200208-01-026%20Proposal.pdf","YES"
"August 2026 (2026-08)","0610-05-060","State-Let Construction","Bowie","Bowie 0610-05-060 Proposal.pdf","https://ftp.txdot.gov/plans/State-Let-Construction/2026/08%20August/08%20Proposals/Bowie%200610-05-060%20Proposal.pdf","YES"
"August 2026 (2026-08)","0092-06-112","State-Let Construction","Navarro","Navarro 0092-06-112 Proposal.pdf","https://ftp.txdot.gov/plans/State-Let-Construction/2026/08%20August/08%20Proposals/Navarro%200092-06-112%20Proposal.pdf","YES"
"August 2026 (2026-08)","6498-41-001","Local-Let Maintenance (District)","Gregg","Gregg 6498-41-001.pdf","https://ftp.txdot.gov/plans/Local-Let-Maintenance/2026/08%20August/08%20Plans/Gregg%206498-41-001.pdf","YES"
"August 2026 (2026-08)","0901-21-022","State-Let Construction","Franklin","Franklin 0901-21-022 Proposal.pdf","https://ftp.txdot.gov/plans/State-Let-Construction/2026/08%20August/08%20Proposals/Franklin%200901-21-022%20Proposal.pdf","YES"
"August 2026 (2026-08)","0535-02-050","State-Let Construction","Guadalupe","Guadalupe 0535-02-050 Proposal.pdf","https://ftp.txdot.gov/plans/State-Let-Construction/2026/08%20August/08%20Proposals/Guadalupe%200535-02-050%20Proposal.pdf","YES"
"August 2026 (2026-08)","0320-05-018","State-Let Construction","Bell","Bell 0320-05-018 Proposal.pdf","https://ftp.txdot.gov/plans/State-Let-Construction/2026/08%20August/08%20Proposals/Bell%200320-05-018%20Proposal.pdf","YES"
"August 2026 (2026-08)","0907-00-239","State-Let Construction","TxDOT District","Tom Green 0907-00-239 Proposal.pdf","https://ftp.txdot.gov/plans/State-Let-Construction/2026/08%20August/08%20Proposals/Tom%20Green%200907-00-239%20Proposal.pdf","YES"
"August 2026 (2026-08)","6504-47-001","Local-Let Maintenance (District)","Brazos","Brazos 6504-47-001.pdf","https://ftp.txdot.gov/plans/Local-Let-Maintenance/2026/08%20August/08%20Plans/Brazos%206504-47-001.pdf","YES"
"August 2026 (2026-08)","3534-01-021","State-Let Construction","Bell","Bell 3534-01-021 Proposal.pdf","https://ftp.txdot.gov/plans/State-Let-Construction/2026/08%20August/08%20Proposals/Bell%203534-01-021%20Proposal.pdf","YES"
"August 2026 (2026-08)","0276-01-044","State-Let Construction","Maverick","Maverick 0276-01-044 Proposal.pdf","https://ftp.txdot.gov/plans/State-Let-Construction/2026/08%20August/08%20Proposals/Maverick%200276-01-044%20Proposal.pdf","YES"
"August 2026 (2026-08)","6487-45-001","State-Let Maintenance","Hays","Hays 6487-45-001 Proposal.pdf","https://ftp.txdot.gov/plans/State-Let-Maintenance/2026/08%20August/08%20Proposals/Hays%206487-45-001%20Proposal.pdf","YES"
"August 2026 (2026-08)","6505-39-001","Local-Let Maintenance (District)","TxDOT District","El Paso 6505-39-001.pdf","https://ftp.txdot.gov/plans/Local-Let-Maintenance/2026/08%20August/08%20Plans/El%20Paso%206505-39-001.pdf","YES"
"August 2026 (2026-08)","0914-00-581","State-Let Construction","Travis","Travis 0914-00-581 Proposal.pdf","https://ftp.txdot.gov/plans/State-Let-Construction/2026/08%20August/08%20Proposals/Travis%200914-00-581%20Proposal.pdf","YES"
"August 2026 (2026-08)","6501-46-001","Local-Let Maintenance (District)","Collin","Collin 6501-46-001.pdf","https://ftp.txdot.gov/plans/Local-Let-Maintenance/2026/08%20August/08%20Plans/Collin%206501-46-001.pdf","YES"
"August 2026 (2026-08)","0081-01-054","State-Let Construction","Tarrant","Tarrant 0081-01-053 Proposal.pdf","https://ftp.txdot.gov/plans/State-Let-Construction/2026/08%20August/08%20Proposals/Tarrant%200081-01-053%20Proposal.pdf","YES"
