CSJ,Project Name,County,Current Estimate ($),Audit Status,Notes,TxDOT Official Verification Link
6503-75-001,2026-10 Polk Large Debris,Polk,712389,OK,Estimate verified in system.,https://tableau.txdot.gov/views/OfficialandUnofficialBidItems4_8x2/OfficialUnofficialBidItems?:embed=y&:isGuestRedirectFromVizportal=y&Proposal%20Status=Official&CONTROLLING%20PROJECT%20ID%20(CCSJ)=6503-75-001
6506-42-001,04 Winter Weather Material - Road 11/26,Denton,70800,OK,Estimate verified in system.,https://tableau.txdot.gov/views/OfficialandUnofficialBidItems4_8x2/OfficialUnofficialBidItems?:embed=y&:isGuestRedirectFromVizportal=y&Proposal%20Status=Official&CONTROLLING%20PROJECT%20ID%20(CCSJ)=6506-42-001
0200-01-093,US 69_N of FM 841 to W of FM 1475-IOI,Angelina,30903546.45,OK,Estimate verified in system.,https://tableau.txdot.gov/views/OfficialandUnofficialBidItems4_8x2/OfficialUnofficialBidItems?:embed=y&:isGuestRedirectFromVizportal=y&Proposal%20Status=Official&CONTROLLING%20PROJECT%20ID%20(CCSJ)=0200-01-093
0092-02-145,IH 45 Innovative Corridor DAL 1,Dallas,33244748.6,OK,Estimate verified in system.,https://tableau.txdot.gov/views/OfficialandUnofficialBidItems4_8x2/OfficialUnofficialBidItems?:embed=y&:isGuestRedirectFromVizportal=y&Proposal%20Status=Official&CONTROLLING%20PROJECT%20ID%20(CCSJ)=0092-02-145
6504-70-001,Traffic Control Services FY 27 Wood,Wood,2303800,OK,Estimate verified in system.,https://tableau.txdot.gov/views/OfficialandUnofficialBidItems4_8x2/OfficialUnofficialBidItems?:embed=y&:isGuestRedirectFromVizportal=y&Proposal%20Status=Official&CONTROLLING%20PROJECT%20ID%20(CCSJ)=6504-70-001
6504-93-001,Patching Materials MMC 6504-93-001,Montgomery,95700,OK,Estimate verified in system.,https://tableau.txdot.gov/views/OfficialandUnofficialBidItems4_8x2/OfficialUnofficialBidItems?:embed=y&:isGuestRedirectFromVizportal=y&Proposal%20Status=Official&CONTROLLING%20PROJECT%20ID%20(CCSJ)=6504-93-001
6441-27-001,AFA in Sherman,Grayson,25000,OK,Estimate verified in system.,https://tableau.txdot.gov/views/OfficialandUnofficialBidItems4_8x2/OfficialUnofficialBidItems?:embed=y&:isGuestRedirectFromVizportal=y&Proposal%20Status=Official&CONTROLLING%20PROJECT%20ID%20(CCSJ)=6441-27-001
0143-03-049,US 87: 0143-03-049; WNF,Wilson,47441025.1,OK,Estimate verified in system.,https://tableau.txdot.gov/views/OfficialandUnofficialBidItems4_8x2/OfficialUnofficialBidItems?:embed=y&:isGuestRedirectFromVizportal=y&Proposal%20Status=Official&CONTROLLING%20PROJECT%20ID%20(CCSJ)=0143-03-049
1137-02-044,PHR_SL499_FY24,Cameron,105183.65,OK,Estimate verified in system.,https://tableau.txdot.gov/views/OfficialandUnofficialBidItems4_8x2/OfficialUnofficialBidItems?:embed=y&:isGuestRedirectFromVizportal=y&Proposal%20Status=Official&CONTROLLING%20PROJECT%20ID%20(CCSJ)=1137-02-044
6507-51-001,Debris Removal - Grayson Co FY27,Grayson,600000,OK,Estimate verified in system.,https://tableau.txdot.gov/views/OfficialandUnofficialBidItems4_8x2/OfficialUnofficialBidItems?:embed=y&:isGuestRedirectFromVizportal=y&Proposal%20Status=Official&CONTROLLING%20PROJECT%20ID%20(CCSJ)=6507-51-001
6508-26-001,2026 - RDC Complex Chloride,Garza,337920,OK,Estimate verified in system.,https://tableau.txdot.gov/views/OfficialandUnofficialBidItems4_8x2/OfficialUnofficialBidItems?:embed=y&:isGuestRedirectFromVizportal=y&Proposal%20Status=Official&CONTROLLING%20PROJECT%20ID%20(CCSJ)=6508-26-001
6507-39-001,EAO - Miscellaneous Concrete,El Paso,1,FLAGGED,Missing or nominal estimate ($1 or $0).,https://tableau.txdot.gov/views/OfficialandUnofficialBidItems4_8x2/OfficialUnofficialBidItems?:embed=y&:isGuestRedirectFromVizportal=y&Proposal%20Status=Official&CONTROLLING%20PROJECT%20ID%20(CCSJ)=6507-39-001
6508-78-001,FY27 - Brenham AO LRA - 10,Washington,284900,OK,Estimate verified in system.,https://tableau.txdot.gov/views/OfficialandUnofficialBidItems4_8x2/OfficialUnofficialBidItems?:embed=y&:isGuestRedirectFromVizportal=y&Proposal%20Status=Official&CONTROLLING%20PROJECT%20ID%20(CCSJ)=6508-78-001
0911-00-188,VA_2027 Dist Wide - BMN,Angelina,2428360,OK,Estimate verified in system.,https://tableau.txdot.gov/views/OfficialandUnofficialBidItems4_8x2/OfficialUnofficialBidItems?:embed=y&:isGuestRedirectFromVizportal=y&Proposal%20Status=Official&CONTROLLING%20PROJECT%20ID%20(CCSJ)=0911-00-188
6508-38-001,Traffic Control Services - Smith County,Smith,1500000,OK,Estimate verified in system.,https://tableau.txdot.gov/views/OfficialandUnofficialBidItems4_8x2/OfficialUnofficialBidItems?:embed=y&:isGuestRedirectFromVizportal=y&Proposal%20Status=Official&CONTROLLING%20PROJECT%20ID%20(CCSJ)=6508-38-001
6505-16-001,BPM Grayson FY27,Grayson,650000,OK,Estimate verified in system.,https://tableau.txdot.gov/views/OfficialandUnofficialBidItems4_8x2/OfficialUnofficialBidItems?:embed=y&:isGuestRedirectFromVizportal=y&Proposal%20Status=Official&CONTROLLING%20PROJECT%20ID%20(CCSJ)=6505-16-001
0022-01-034,US 90 Sanderson Canyon Bridge @ UPRR,Terrell,6089616.17,OK,Estimate verified in system.,https://tableau.txdot.gov/views/OfficialandUnofficialBidItems4_8x2/OfficialUnofficialBidItems?:embed=y&:isGuestRedirectFromVizportal=y&Proposal%20Status=Official&CONTROLLING%20PROJECT%20ID%20(CCSJ)=0022-01-034
6496-56-001,THERMOPLASTIC STRIPING AND PAV,Brown,4414900.84,OK,Estimate verified in system.,https://tableau.txdot.gov/views/OfficialandUnofficialBidItems4_8x2/OfficialUnofficialBidItems?:embed=y&:isGuestRedirectFromVizportal=y&Proposal%20Status=Official&CONTROLLING%20PROJECT%20ID%20(CCSJ)=6496-56-001
6507-26-001,6507-26-001 Brush Removal,Midland,1999722,OK,Estimate verified in system.,https://tableau.txdot.gov/views/OfficialandUnofficialBidItems4_8x2/OfficialUnofficialBidItems?:embed=y&:isGuestRedirectFromVizportal=y&Proposal%20Status=Official&CONTROLLING%20PROJECT%20ID%20(CCSJ)=6507-26-001
6497-96-001,Concrete Punch Outs,Victoria,1356250,OK,Estimate verified in system.,https://tableau.txdot.gov/views/OfficialandUnofficialBidItems4_8x2/OfficialUnofficialBidItems?:embed=y&:isGuestRedirectFromVizportal=y&Proposal%20Status=Official&CONTROLLING%20PROJECT%20ID%20(CCSJ)=6497-96-001
6505-05-001,BPM Lamar FY27,Lamar,500000,OK,Estimate verified in system.,https://tableau.txdot.gov/views/OfficialandUnofficialBidItems4_8x2/OfficialUnofficialBidItems?:embed=y&:isGuestRedirectFromVizportal=y&Proposal%20Status=Official&CONTROLLING%20PROJECT%20ID%20(CCSJ)=6505-05-001
0249-02-026,"US 281, FM 1954 to Lake Creek",Archer,3056396.63,OK,Estimate verified in system.,https://tableau.txdot.gov/views/OfficialandUnofficialBidItems4_8x2/OfficialUnofficialBidItems?:embed=y&:isGuestRedirectFromVizportal=y&Proposal%20Status=Official&CONTROLLING%20PROJECT%20ID%20(CCSJ)=0249-02-026
6509-22-001,6509-22-001 Hot Mix George West,Live Oak,250000,OK,Estimate verified in system.,https://tableau.txdot.gov/views/OfficialandUnofficialBidItems4_8x2/OfficialUnofficialBidItems?:embed=y&:isGuestRedirectFromVizportal=y&Proposal%20Status=Official&CONTROLLING%20PROJECT%20ID%20(CCSJ)=6509-22-001
6507-81-001,FY27 - Bryan AO Cutback - 10,Brazos,88800,OK,Estimate verified in system.,https://tableau.txdot.gov/views/OfficialandUnofficialBidItems4_8x2/OfficialUnofficialBidItems?:embed=y&:isGuestRedirectFromVizportal=y&Proposal%20Status=Official&CONTROLLING%20PROJECT%20ID%20(CCSJ)=6507-81-001
6508-63-001,Lower Counties Large Signs - La Salle,La Salle,500000,OK,Estimate verified in system.,https://tableau.txdot.gov/views/OfficialandUnofficialBidItems4_8x2/OfficialUnofficialBidItems?:embed=y&:isGuestRedirectFromVizportal=y&Proposal%20Status=Official&CONTROLLING%20PROJECT%20ID%20(CCSJ)=6508-63-001
6510-26-001,LP 360 Scenic Overlook Picnic Area,Travis,100000,OK,Estimate verified in system.,https://tableau.txdot.gov/views/OfficialandUnofficialBidItems4_8x2/OfficialUnofficialBidItems?:embed=y&:isGuestRedirectFromVizportal=y&Proposal%20Status=Official&CONTROLLING%20PROJECT%20ID%20(CCSJ)=6510-26-001
6503-04-001,"FY27, Sweeping and Debris, Johnson",Johnson,909031.81,OK,Estimate verified in system.,https://tableau.txdot.gov/views/OfficialandUnofficialBidItems4_8x2/OfficialUnofficialBidItems?:embed=y&:isGuestRedirectFromVizportal=y&Proposal%20Status=Official&CONTROLLING%20PROJECT%20ID%20(CCSJ)=6503-04-001
0049-14-015,FM 46 F: Falls C/L T: SH 14 - SC FY 27,Robertson,18913517.76,OK,Estimate verified in system.,https://tableau.txdot.gov/views/OfficialandUnofficialBidItems4_8x2/OfficialUnofficialBidItems?:embed=y&:isGuestRedirectFromVizportal=y&Proposal%20Status=Official&CONTROLLING%20PROJECT%20ID%20(CCSJ)=0049-14-015
6461-45-001,Jasper Culvert Rehabilitation,Jasper,600000,OK,Estimate verified in system.,https://tableau.txdot.gov/views/OfficialandUnofficialBidItems4_8x2/OfficialUnofficialBidItems?:embed=y&:isGuestRedirectFromVizportal=y&Proposal%20Status=Official&CONTROLLING%20PROJECT%20ID%20(CCSJ)=6461-45-001
6504-92-001,Winter Weather Material MMC 6504-92-001,Montgomery,354906,OK,Estimate verified in system.,https://tableau.txdot.gov/views/OfficialandUnofficialBidItems4_8x2/OfficialUnofficialBidItems?:embed=y&:isGuestRedirectFromVizportal=y&Proposal%20Status=Official&CONTROLLING%20PROJECT%20ID%20(CCSJ)=6504-92-001
0024-02-081,US 90; 0024-02-081; SC,Uvalde,8106446.42,OK,Estimate verified in system.,https://tableau.txdot.gov/views/OfficialandUnofficialBidItems4_8x2/OfficialUnofficialBidItems?:embed=y&:isGuestRedirectFromVizportal=y&Proposal%20Status=Official&CONTROLLING%20PROJECT%20ID%20(CCSJ)=0024-02-081
6508-74-001,RMC 6508-74-001,Waller,400000,OK,Estimate verified in system.,https://tableau.txdot.gov/views/OfficialandUnofficialBidItems4_8x2/OfficialUnofficialBidItems?:embed=y&:isGuestRedirectFromVizportal=y&Proposal%20Status=Official&CONTROLLING%20PROJECT%20ID%20(CCSJ)=6508-74-001
0017-13-013,SH 132:0017-13-013; SC,Atascosa,10853913.77,OK,Estimate verified in system.,https://tableau.txdot.gov/views/OfficialandUnofficialBidItems4_8x2/OfficialUnofficialBidItems?:embed=y&:isGuestRedirectFromVizportal=y&Proposal%20Status=Official&CONTROLLING%20PROJECT%20ID%20(CCSJ)=0017-13-013
6510-27-001,Drainage System Cleaning Nueces,Nueces,300000,OK,Estimate verified in system.,https://tableau.txdot.gov/views/OfficialandUnofficialBidItems4_8x2/OfficialUnofficialBidItems?:embed=y&:isGuestRedirectFromVizportal=y&Proposal%20Status=Official&CONTROLLING%20PROJECT%20ID%20(CCSJ)=6510-27-001
6505-06-001,AAO MBGF FY 27,Taylor,986350,OK,Estimate verified in system.,https://tableau.txdot.gov/views/OfficialandUnofficialBidItems4_8x2/OfficialUnofficialBidItems?:embed=y&:isGuestRedirectFromVizportal=y&Proposal%20Status=Official&CONTROLLING%20PROJECT%20ID%20(CCSJ)=6505-06-001
6503-57-001,Large Guide Sign Repl 2026 (Non-Site),Dallas,2988037.95,OK,Estimate verified in system.,https://tableau.txdot.gov/views/OfficialandUnofficialBidItems4_8x2/OfficialUnofficialBidItems?:embed=y&:isGuestRedirectFromVizportal=y&Proposal%20Status=Official&CONTROLLING%20PROJECT%20ID%20(CCSJ)=6503-57-001
0387-01-016,FM 75 FROM MONTE CARLO BLVD TO-38701016,Collin,5938082.2,OK,Estimate verified in system.,https://tableau.txdot.gov/views/OfficialandUnofficialBidItems4_8x2/OfficialUnofficialBidItems?:embed=y&:isGuestRedirectFromVizportal=y&Proposal%20Status=Official&CONTROLLING%20PROJECT%20ID%20(CCSJ)=0387-01-016
6505-54-001,Callout Cable Barrier East FY26,Taylor,400000,OK,Estimate verified in system.,https://tableau.txdot.gov/views/OfficialandUnofficialBidItems4_8x2/OfficialUnofficialBidItems?:embed=y&:isGuestRedirectFromVizportal=y&Proposal%20Status=Official&CONTROLLING%20PROJECT%20ID%20(CCSJ)=6505-54-001
6508-66-001,6508-66-001 Bridge Repair Callout,Ector,969250,OK,Estimate verified in system.,https://tableau.txdot.gov/views/OfficialandUnofficialBidItems4_8x2/OfficialUnofficialBidItems?:embed=y&:isGuestRedirectFromVizportal=y&Proposal%20Status=Official&CONTROLLING%20PROJECT%20ID%20(CCSJ)=6508-66-001
6505-15-001,BPM Hunt #2 FY27,Hunt,600000,OK,Estimate verified in system.,https://tableau.txdot.gov/views/OfficialandUnofficialBidItems4_8x2/OfficialUnofficialBidItems?:embed=y&:isGuestRedirectFromVizportal=y&Proposal%20Status=Official&CONTROLLING%20PROJECT%20ID%20(CCSJ)=6505-15-001
0912-34-209,Pool Hill Rd at Brookshire Creek,Fort Bend,2127190.21,OK,Estimate verified in system.,https://tableau.txdot.gov/views/OfficialandUnofficialBidItems4_8x2/OfficialUnofficialBidItems?:embed=y&:isGuestRedirectFromVizportal=y&Proposal%20Status=Official&CONTROLLING%20PROJECT%20ID%20(CCSJ)=0912-34-209
0009-11-248,IH 30 AT BASS PRO DRIVE,Dallas,51718095.61,OK,Estimate verified in system.,https://tableau.txdot.gov/views/OfficialandUnofficialBidItems4_8x2/OfficialUnofficialBidItems?:embed=y&:isGuestRedirectFromVizportal=y&Proposal%20Status=Official&CONTROLLING%20PROJECT%20ID%20(CCSJ)=0009-11-248
6504-61-001,BPM FY 2027 III,Potter,1000000,OK,Estimate verified in system.,https://tableau.txdot.gov/views/OfficialandUnofficialBidItems4_8x2/OfficialUnofficialBidItems?:embed=y&:isGuestRedirectFromVizportal=y&Proposal%20Status=Official&CONTROLLING%20PROJECT%20ID%20(CCSJ)=6504-61-001
0010-08-061,US 67 from US 259 to Titus C/L,Morris,11041220.18,OK,Estimate verified in system.,https://tableau.txdot.gov/views/OfficialandUnofficialBidItems4_8x2/OfficialUnofficialBidItems?:embed=y&:isGuestRedirectFromVizportal=y&Proposal%20Status=Official&CONTROLLING%20PROJECT%20ID%20(CCSJ)=0010-08-061
6505-07-001,BSAO MBGF FY 27,Howard,997550,OK,Estimate verified in system.,https://tableau.txdot.gov/views/OfficialandUnofficialBidItems4_8x2/OfficialUnofficialBidItems?:embed=y&:isGuestRedirectFromVizportal=y&Proposal%20Status=Official&CONTROLLING%20PROJECT%20ID%20(CCSJ)=6505-07-001
0921-02-527,PHR_CANTON RD_FY24_1,Hidalgo,621188.51,OK,Estimate verified in system.,https://tableau.txdot.gov/views/OfficialandUnofficialBidItems4_8x2/OfficialUnofficialBidItems?:embed=y&:isGuestRedirectFromVizportal=y&Proposal%20Status=Official&CONTROLLING%20PROJECT%20ID%20(CCSJ)=0921-02-527
6506-67-001,Callahan Rest area,Callahan,300000,OK,Estimate verified in system.,https://tableau.txdot.gov/views/OfficialandUnofficialBidItems4_8x2/OfficialUnofficialBidItems?:embed=y&:isGuestRedirectFromVizportal=y&Proposal%20Status=Official&CONTROLLING%20PROJECT%20ID%20(CCSJ)=6506-67-001
6504-96-001,"FY27, Flexible Pavement, Erath, etc.",Erath,2731307.99,OK,Estimate verified in system.,https://tableau.txdot.gov/views/OfficialandUnofficialBidItems4_8x2/OfficialUnofficialBidItems?:embed=y&:isGuestRedirectFromVizportal=y&Proposal%20Status=Official&CONTROLLING%20PROJECT%20ID%20(CCSJ)=6504-96-001
6509-92-001,FY 27 HOU Emergency Debris Removal,Harris,4923327.5,OK,Estimate verified in system.,https://tableau.txdot.gov/views/OfficialandUnofficialBidItems4_8x2/OfficialUnofficialBidItems?:embed=y&:isGuestRedirectFromVizportal=y&Proposal%20Status=Official&CONTROLLING%20PROJECT%20ID%20(CCSJ)=6509-92-001
6506-36-001,FY 2027 Culvert Cleaning - Districtwide,Mclennan,561816.2,OK,Estimate verified in system.,https://tableau.txdot.gov/views/OfficialandUnofficialBidItems4_8x2/OfficialUnofficialBidItems?:embed=y&:isGuestRedirectFromVizportal=y&Proposal%20Status=Official&CONTROLLING%20PROJECT%20ID%20(CCSJ)=6506-36-001
0014-23-041,RER | IH 35W | IH 35E | Johnson CL SB,Hill,12088988.8,OK,Estimate verified in system.,https://tableau.txdot.gov/views/OfficialandUnofficialBidItems4_8x2/OfficialUnofficialBidItems?:embed=y&:isGuestRedirectFromVizportal=y&Proposal%20Status=Official&CONTROLLING%20PROJECT%20ID%20(CCSJ)=0014-23-041
6506-29-001,FY 2027 Traffic Signal Maintenance,Angelina,288380,OK,Estimate verified in system.,https://tableau.txdot.gov/views/OfficialandUnofficialBidItems4_8x2/OfficialUnofficialBidItems?:embed=y&:isGuestRedirectFromVizportal=y&Proposal%20Status=Official&CONTROLLING%20PROJECT%20ID%20(CCSJ)=6506-29-001
6504-79-001,Misc Concrete Repair KRAO FY'27,Kaufman,270825,OK,Estimate verified in system.,https://tableau.txdot.gov/views/OfficialandUnofficialBidItems4_8x2/OfficialUnofficialBidItems?:embed=y&:isGuestRedirectFromVizportal=y&Proposal%20Status=Official&CONTROLLING%20PROJECT%20ID%20(CCSJ)=6504-79-001
6506-90-001,"FY27, Guardrail, N Tarrant",Tarrant,2699848.05,OK,Estimate verified in system.,https://tableau.txdot.gov/views/OfficialandUnofficialBidItems4_8x2/OfficialUnofficialBidItems?:embed=y&:isGuestRedirectFromVizportal=y&Proposal%20Status=Official&CONTROLLING%20PROJECT%20ID%20(CCSJ)=6506-90-001
0410-02-047,US 69 3R Rehab,Grayson,9182925.37,OK,Estimate verified in system.,https://tableau.txdot.gov/views/OfficialandUnofficialBidItems4_8x2/OfficialUnofficialBidItems?:embed=y&:isGuestRedirectFromVizportal=y&Proposal%20Status=Official&CONTROLLING%20PROJECT%20ID%20(CCSJ)=0410-02-047
6508-42-001,Traffic Control Services-Cherokee County,Cherokee,1500000,OK,Estimate verified in system.,https://tableau.txdot.gov/views/OfficialandUnofficialBidItems4_8x2/OfficialUnofficialBidItems?:embed=y&:isGuestRedirectFromVizportal=y&Proposal%20Status=Official&CONTROLLING%20PROJECT%20ID%20(CCSJ)=6508-42-001
6506-97-001,Metal Beam Guard Fence Repair - Lower Co,La Salle,2500000,OK,Estimate verified in system.,https://tableau.txdot.gov/views/OfficialandUnofficialBidItems4_8x2/OfficialUnofficialBidItems?:embed=y&:isGuestRedirectFromVizportal=y&Proposal%20Status=Official&CONTROLLING%20PROJECT%20ID%20(CCSJ)=6506-97-001
0510-06-024,FM 273 FDR w/Overlay,Fannin,10924688.49,OK,Estimate verified in system.,https://tableau.txdot.gov/views/OfficialandUnofficialBidItems4_8x2/OfficialUnofficialBidItems?:embed=y&:isGuestRedirectFromVizportal=y&Proposal%20Status=Official&CONTROLLING%20PROJECT%20ID%20(CCSJ)=0510-06-024
6510-42-001,10-26 Angelina Ditch Cleaning,Angelina,311077,OK,Estimate verified in system.,https://tableau.txdot.gov/views/OfficialandUnofficialBidItems4_8x2/OfficialUnofficialBidItems?:embed=y&:isGuestRedirectFromVizportal=y&Proposal%20Status=Official&CONTROLLING%20PROJECT%20ID%20(CCSJ)=6510-42-001
6502-82-001,District Wide Crack Seal FY 2027,Tom Green,882415.95,OK,Estimate verified in system.,https://tableau.txdot.gov/views/OfficialandUnofficialBidItems4_8x2/OfficialUnofficialBidItems?:embed=y&:isGuestRedirectFromVizportal=y&Proposal%20Status=Official&CONTROLLING%20PROJECT%20ID%20(CCSJ)=6502-82-001
6510-55-001,GRADE 4 MODIFIED UNCOATED ROCK (DW),Brown,600000,OK,Estimate verified in system.,https://tableau.txdot.gov/views/OfficialandUnofficialBidItems4_8x2/OfficialUnofficialBidItems?:embed=y&:isGuestRedirectFromVizportal=y&Proposal%20Status=Official&CONTROLLING%20PROJECT%20ID%20(CCSJ)=6510-55-001
6509-21-001,6509-21-001 Hot Mix Alice Maint.,Jim Wells,250000,OK,Estimate verified in system.,https://tableau.txdot.gov/views/OfficialandUnofficialBidItems4_8x2/OfficialUnofficialBidItems?:embed=y&:isGuestRedirectFromVizportal=y&Proposal%20Status=Official&CONTROLLING%20PROJECT%20ID%20(CCSJ)=6509-21-001
6503-97-001,Large Green Signs FY27,Mclennan,500000,OK,Estimate verified in system.,https://tableau.txdot.gov/views/OfficialandUnofficialBidItems4_8x2/OfficialUnofficialBidItems?:embed=y&:isGuestRedirectFromVizportal=y&Proposal%20Status=Official&CONTROLLING%20PROJECT%20ID%20(CCSJ)=6503-97-001
6501-57-001,Mill and Inlay (N) FY2027,Bowie,6132750,OK,Estimate verified in system.,https://tableau.txdot.gov/views/OfficialandUnofficialBidItems4_8x2/OfficialUnofficialBidItems?:embed=y&:isGuestRedirectFromVizportal=y&Proposal%20Status=Official&CONTROLLING%20PROJECT%20ID%20(CCSJ)=6501-57-001
6503-16-001,Repair/Replace Conc Barrier Denton FY 27,Denton,191275,OK,Estimate verified in system.,https://tableau.txdot.gov/views/OfficialandUnofficialBidItems4_8x2/OfficialUnofficialBidItems?:embed=y&:isGuestRedirectFromVizportal=y&Proposal%20Status=Official&CONTROLLING%20PROJECT%20ID%20(CCSJ)=6503-16-001
6500-59-001,"BPM - La Salle, Webb, Dimmit, etc.",La Salle,1327986,OK,Estimate verified in system.,https://tableau.txdot.gov/views/OfficialandUnofficialBidItems4_8x2/OfficialUnofficialBidItems?:embed=y&:isGuestRedirectFromVizportal=y&Proposal%20Status=Official&CONTROLLING%20PROJECT%20ID%20(CCSJ)=6500-59-001
0907-00-217,0907-00-217 VA PAVEMENT MARKINGS,Tom Green,3446186.77,OK,Estimate verified in system.,https://tableau.txdot.gov/views/OfficialandUnofficialBidItems4_8x2/OfficialUnofficialBidItems?:embed=y&:isGuestRedirectFromVizportal=y&Proposal%20Status=Official&CONTROLLING%20PROJECT%20ID%20(CCSJ)=0907-00-217
0067-17-039,IH 27 NB/SH 217 BRG BMIP,Randall,3795188.65,OK,Estimate verified in system.,https://tableau.txdot.gov/views/OfficialandUnofficialBidItems4_8x2/OfficialUnofficialBidItems?:embed=y&:isGuestRedirectFromVizportal=y&Proposal%20Status=Official&CONTROLLING%20PROJECT%20ID%20(CCSJ)=0067-17-039
2502-01-024,WNF | IH 14 | IH 35,Bell,24679268.85,OK,Estimate verified in system.,https://tableau.txdot.gov/views/OfficialandUnofficialBidItems4_8x2/OfficialUnofficialBidItems?:embed=y&:isGuestRedirectFromVizportal=y&Proposal%20Status=Official&CONTROLLING%20PROJECT%20ID%20(CCSJ)=2502-01-024
6485-46-001,BPM Denton Underseal FY 27,Denton,134050,OK,Estimate verified in system.,https://tableau.txdot.gov/views/OfficialandUnofficialBidItems4_8x2/OfficialUnofficialBidItems?:embed=y&:isGuestRedirectFromVizportal=y&Proposal%20Status=Official&CONTROLLING%20PROJECT%20ID%20(CCSJ)=6485-46-001
6507-80-001,BPM - Bridge Rail Upgrades,Angelina,700000,OK,Estimate verified in system.,https://tableau.txdot.gov/views/OfficialandUnofficialBidItems4_8x2/OfficialUnofficialBidItems?:embed=y&:isGuestRedirectFromVizportal=y&Proposal%20Status=Official&CONTROLLING%20PROJECT%20ID%20(CCSJ)=6507-80-001
6506-33-001,FY 27 Ditch Cleaning and Reshaping,Jasper,2711299,OK,Estimate verified in system.,https://tableau.txdot.gov/views/OfficialandUnofficialBidItems4_8x2/OfficialUnofficialBidItems?:embed=y&:isGuestRedirectFromVizportal=y&Proposal%20Status=Official&CONTROLLING%20PROJECT%20ID%20(CCSJ)=6506-33-001
6508-61-001,US 59 Rubber FY 27,Victoria,613279.44,OK,Estimate verified in system.,https://tableau.txdot.gov/views/OfficialandUnofficialBidItems4_8x2/OfficialUnofficialBidItems?:embed=y&:isGuestRedirectFromVizportal=y&Proposal%20Status=Official&CONTROLLING%20PROJECT%20ID%20(CCSJ)=6508-61-001
6496-96-001,BRIDGE PREVENTATIVE MAINTENANCE,Jim Wells,700000,OK,Estimate verified in system.,https://tableau.txdot.gov/views/OfficialandUnofficialBidItems4_8x2/OfficialUnofficialBidItems?:embed=y&:isGuestRedirectFromVizportal=y&Proposal%20Status=Official&CONTROLLING%20PROJECT%20ID%20(CCSJ)=6496-96-001
6508-16-001,FY27 Hydraulic Cement,Hidalgo,40792.5,OK,Estimate verified in system.,https://tableau.txdot.gov/views/OfficialandUnofficialBidItems4_8x2/OfficialUnofficialBidItems?:embed=y&:isGuestRedirectFromVizportal=y&Proposal%20Status=Official&CONTROLLING%20PROJECT%20ID%20(CCSJ)=6508-16-001
6508-91-001,West Harris Landscape FY 27,Harris,51000,OK,Estimate verified in system.,https://tableau.txdot.gov/views/OfficialandUnofficialBidItems4_8x2/OfficialUnofficialBidItems?:embed=y&:isGuestRedirectFromVizportal=y&Proposal%20Status=Official&CONTROLLING%20PROJECT%20ID%20(CCSJ)=6508-91-001
6505-08-001,SAO MBGF FY 27,Scurry,279872,OK,Estimate verified in system.,https://tableau.txdot.gov/views/OfficialandUnofficialBidItems4_8x2/OfficialUnofficialBidItems?:embed=y&:isGuestRedirectFromVizportal=y&Proposal%20Status=Official&CONTROLLING%20PROJECT%20ID%20(CCSJ)=6505-08-001
6509-64-001,6509-64-001 ASPPM,Ector,75000,OK,Estimate verified in system.,https://tableau.txdot.gov/views/OfficialandUnofficialBidItems4_8x2/OfficialUnofficialBidItems?:embed=y&:isGuestRedirectFromVizportal=y&Proposal%20Status=Official&CONTROLLING%20PROJECT%20ID%20(CCSJ)=6509-64-001
6506-54-001,Long Line Striping - S. Tarrant,Tarrant,640022.54,OK,Estimate verified in system.,https://tableau.txdot.gov/views/OfficialandUnofficialBidItems4_8x2/OfficialUnofficialBidItems?:embed=y&:isGuestRedirectFromVizportal=y&Proposal%20Status=Official&CONTROLLING%20PROJECT%20ID%20(CCSJ)=6506-54-001
6510-25-001,Georgetown Maintenance Litter FY27,Williamson,200000,OK,Estimate verified in system.,https://tableau.txdot.gov/views/OfficialandUnofficialBidItems4_8x2/OfficialUnofficialBidItems?:embed=y&:isGuestRedirectFromVizportal=y&Proposal%20Status=Official&CONTROLLING%20PROJECT%20ID%20(CCSJ)=6510-25-001
6510-51-001,10-27 San Augustine Tree,Polk,205500,OK,Estimate verified in system.,https://tableau.txdot.gov/views/OfficialandUnofficialBidItems4_8x2/OfficialUnofficialBidItems?:embed=y&:isGuestRedirectFromVizportal=y&Proposal%20Status=Official&CONTROLLING%20PROJECT%20ID%20(CCSJ)=6510-51-001
6504-87-001,METAL BEAM GUARD FENCE REPAIR - FY 27,Bell,915307.45,OK,Estimate verified in system.,https://tableau.txdot.gov/views/OfficialandUnofficialBidItems4_8x2/OfficialUnofficialBidItems?:embed=y&:isGuestRedirectFromVizportal=y&Proposal%20Status=Official&CONTROLLING%20PROJECT%20ID%20(CCSJ)=6504-87-001
2850-01-020,FM 2821 TWLTL W of FM 247,Walker,1767958.9,OK,Estimate verified in system.,https://tableau.txdot.gov/views/OfficialandUnofficialBidItems4_8x2/OfficialUnofficialBidItems?:embed=y&:isGuestRedirectFromVizportal=y&Proposal%20Status=Official&CONTROLLING%20PROJECT%20ID%20(CCSJ)=2850-01-020
6508-46-001,FY2027 Districtwide Crack Seal,Childress,957200,OK,Estimate verified in system.,https://tableau.txdot.gov/views/OfficialandUnofficialBidItems4_8x2/OfficialUnofficialBidItems?:embed=y&:isGuestRedirectFromVizportal=y&Proposal%20Status=Official&CONTROLLING%20PROJECT%20ID%20(CCSJ)=6508-46-001
0092-05-058,IH 45 FR from NAVARRO CL to SH 34,Ellis,18377217.8,OK,Estimate verified in system.,https://tableau.txdot.gov/views/OfficialandUnofficialBidItems4_8x2/OfficialUnofficialBidItems?:embed=y&:isGuestRedirectFromVizportal=y&Proposal%20Status=Official&CONTROLLING%20PROJECT%20ID%20(CCSJ)=0092-05-058
6507-60-001,AAO Modified 5 Aggregate,Brewster,1,FLAGGED,Missing or nominal estimate ($1 or $0).,https://tableau.txdot.gov/views/OfficialandUnofficialBidItems4_8x2/OfficialUnofficialBidItems?:embed=y&:isGuestRedirectFromVizportal=y&Proposal%20Status=Official&CONTROLLING%20PROJECT%20ID%20(CCSJ)=6507-60-001
6503-01-001,Limestone Rock Asphalt 09 1026,Ellis,182400,OK,Estimate verified in system.,https://tableau.txdot.gov/views/OfficialandUnofficialBidItems4_8x2/OfficialUnofficialBidItems?:embed=y&:isGuestRedirectFromVizportal=y&Proposal%20Status=Official&CONTROLLING%20PROJECT%20ID%20(CCSJ)=6503-01-001
0204-01-075,US 79 - At Drain (BMIP24),Williamson,607197.21,OK,Estimate verified in system.,https://tableau.txdot.gov/views/OfficialandUnofficialBidItems4_8x2/OfficialUnofficialBidItems?:embed=y&:isGuestRedirectFromVizportal=y&Proposal%20Status=Official&CONTROLLING%20PROJECT%20ID%20(CCSJ)=0204-01-075
6464-67-001,Big Spring St Hosp Str & Park Lot Rehab,Howard,144358,OK,Estimate verified in system.,https://tableau.txdot.gov/views/OfficialandUnofficialBidItems4_8x2/OfficialUnofficialBidItems?:embed=y&:isGuestRedirectFromVizportal=y&Proposal%20Status=Official&CONTROLLING%20PROJECT%20ID%20(CCSJ)=6464-67-001
6508-04-001,Bridge Maintenance - Hopkins Co. FY27,Hopkins,364300,OK,Estimate verified in system.,https://tableau.txdot.gov/views/OfficialandUnofficialBidItems4_8x2/OfficialUnofficialBidItems?:embed=y&:isGuestRedirectFromVizportal=y&Proposal%20Status=Official&CONTROLLING%20PROJECT%20ID%20(CCSJ)=6508-04-001
6507-19-001,2027 - RMC SEAL COAT,Medina,2611385.35,OK,Estimate verified in system.,https://tableau.txdot.gov/views/OfficialandUnofficialBidItems4_8x2/OfficialUnofficialBidItems?:embed=y&:isGuestRedirectFromVizportal=y&Proposal%20Status=Official&CONTROLLING%20PROJECT%20ID%20(CCSJ)=6507-19-001
6509-98-001,DW Flexbase,Bexar,260000,OK,Estimate verified in system.,https://tableau.txdot.gov/views/OfficialandUnofficialBidItems4_8x2/OfficialUnofficialBidItems?:embed=y&:isGuestRedirectFromVizportal=y&Proposal%20Status=Official&CONTROLLING%20PROJECT%20ID%20(CCSJ)=6509-98-001
0168-03-040,US60-FM1172 to Castro CL FY27 HSIP,Parmer,2217841,OK,Estimate verified in system.,https://tableau.txdot.gov/views/OfficialandUnofficialBidItems4_8x2/OfficialUnofficialBidItems?:embed=y&:isGuestRedirectFromVizportal=y&Proposal%20Status=Official&CONTROLLING%20PROJECT%20ID%20(CCSJ)=0168-03-040
6508-49-001,FY27 Cable Barrier,Wheeler,144800,OK,Estimate verified in system.,https://tableau.txdot.gov/views/OfficialandUnofficialBidItems4_8x2/OfficialUnofficialBidItems?:embed=y&:isGuestRedirectFromVizportal=y&Proposal%20Status=Official&CONTROLLING%20PROJECT%20ID%20(CCSJ)=6508-49-001
0590-05-057,FM 486  Downtown Streetscape - TASA,Milam,235741.96,OK,Estimate verified in system.,https://tableau.txdot.gov/views/OfficialandUnofficialBidItems4_8x2/OfficialUnofficialBidItems?:embed=y&:isGuestRedirectFromVizportal=y&Proposal%20Status=Official&CONTROLLING%20PROJECT%20ID%20(CCSJ)=0590-05-057
6501-58-001,Mill and Inlay (S) FY2027,Harrison,6132750,OK,Estimate verified in system.,https://tableau.txdot.gov/views/OfficialandUnofficialBidItems4_8x2/OfficialUnofficialBidItems?:embed=y&:isGuestRedirectFromVizportal=y&Proposal%20Status=Official&CONTROLLING%20PROJECT%20ID%20(CCSJ)=6501-58-001
0086-11-054,SH44JimWellsUS281toSanDiegoEOM(FY27SC),Jim Wells,12735110.1,OK,Estimate verified in system.,https://tableau.txdot.gov/views/OfficialandUnofficialBidItems4_8x2/OfficialUnofficialBidItems?:embed=y&:isGuestRedirectFromVizportal=y&Proposal%20Status=Official&CONTROLLING%20PROJECT%20ID%20(CCSJ)=0086-11-054
6505-28-001,FY27 Culvert Repair - Anderson Co,Anderson,750000,OK,Estimate verified in system.,https://tableau.txdot.gov/views/OfficialandUnofficialBidItems4_8x2/OfficialUnofficialBidItems?:embed=y&:isGuestRedirectFromVizportal=y&Proposal%20Status=Official&CONTROLLING%20PROJECT%20ID%20(CCSJ)=6505-28-001
6502-41-001,IH 10 Austin County Striping,Austin,1559292,OK,Estimate verified in system.,https://tableau.txdot.gov/views/OfficialandUnofficialBidItems4_8x2/OfficialUnofficialBidItems?:embed=y&:isGuestRedirectFromVizportal=y&Proposal%20Status=Official&CONTROLLING%20PROJECT%20ID%20(CCSJ)=6502-41-001
6496-83-001,FY 27 Pavement Markings Call Out,Gregg,1529895,OK,Estimate verified in system.,https://tableau.txdot.gov/views/OfficialandUnofficialBidItems4_8x2/OfficialUnofficialBidItems?:embed=y&:isGuestRedirectFromVizportal=y&Proposal%20Status=Official&CONTROLLING%20PROJECT%20ID%20(CCSJ)=6496-83-001
0906-00-295,FY27_DistrictwideLargeSign,Ector,919236.05,OK,Estimate verified in system.,https://tableau.txdot.gov/views/OfficialandUnofficialBidItems4_8x2/OfficialUnofficialBidItems?:embed=y&:isGuestRedirectFromVizportal=y&Proposal%20Status=Official&CONTROLLING%20PROJECT%20ID%20(CCSJ)=0906-00-295
6505-14-001,BPM Hunt FY27,Hunt,350000,OK,Estimate verified in system.,https://tableau.txdot.gov/views/OfficialandUnofficialBidItems4_8x2/OfficialUnofficialBidItems?:embed=y&:isGuestRedirectFromVizportal=y&Proposal%20Status=Official&CONTROLLING%20PROJECT%20ID%20(CCSJ)=6505-14-001
0092-03-064,IH 45: S of Risinger Rd to Dallas Co Ln,Ellis,4533561.52,OK,Estimate verified in system.,https://tableau.txdot.gov/views/OfficialandUnofficialBidItems4_8x2/OfficialUnofficialBidItems?:embed=y&:isGuestRedirectFromVizportal=y&Proposal%20Status=Official&CONTROLLING%20PROJECT%20ID%20(CCSJ)=0092-03-064
6497-69-001,Large Sign Replacement District Wide,Hidalgo,1197322.04,OK,Estimate verified in system.,https://tableau.txdot.gov/views/OfficialandUnofficialBidItems4_8x2/OfficialUnofficialBidItems?:embed=y&:isGuestRedirectFromVizportal=y&Proposal%20Status=Official&CONTROLLING%20PROJECT%20ID%20(CCSJ)=6497-69-001
6496-46-001,BRIDGE AND CONCRETE REPAIR (CALLOUT),Comanche,900000,OK,Estimate verified in system.,https://tableau.txdot.gov/views/OfficialandUnofficialBidItems4_8x2/OfficialUnofficialBidItems?:embed=y&:isGuestRedirectFromVizportal=y&Proposal%20Status=Official&CONTROLLING%20PROJECT%20ID%20(CCSJ)=6496-46-001
6502-76-001,Reflectorized Pavement Markings 09 10/26,Ellis,383456,OK,Estimate verified in system.,https://tableau.txdot.gov/views/OfficialandUnofficialBidItems4_8x2/OfficialUnofficialBidItems?:embed=y&:isGuestRedirectFromVizportal=y&Proposal%20Status=Official&CONTROLLING%20PROJECT%20ID%20(CCSJ)=6502-76-001
6506-35-001,2026-Spot Paint & Bead Striping,Angelina,686450,OK,Estimate verified in system.,https://tableau.txdot.gov/views/OfficialandUnofficialBidItems4_8x2/OfficialUnofficialBidItems?:embed=y&:isGuestRedirectFromVizportal=y&Proposal%20Status=Official&CONTROLLING%20PROJECT%20ID%20(CCSJ)=6506-35-001
6495-90-001,FY 27 BPM Kaufman,Kaufman,244120,OK,Estimate verified in system.,https://tableau.txdot.gov/views/OfficialandUnofficialBidItems4_8x2/OfficialUnofficialBidItems?:embed=y&:isGuestRedirectFromVizportal=y&Proposal%20Status=Official&CONTROLLING%20PROJECT%20ID%20(CCSJ)=6495-90-001
0095-03-100,US 80 WESTBOUND AT BUFFALO CRE-9503100,Kaufman,55675966,OK,Estimate verified in system.,https://tableau.txdot.gov/views/OfficialandUnofficialBidItems4_8x2/OfficialUnofficialBidItems?:embed=y&:isGuestRedirectFromVizportal=y&Proposal%20Status=Official&CONTROLLING%20PROJECT%20ID%20(CCSJ)=0095-03-100
6501-52-001,Tree Trimming and Brush Removal 09 10/26,Ellis,1,FLAGGED,Missing or nominal estimate ($1 or $0).,https://tableau.txdot.gov/views/OfficialandUnofficialBidItems4_8x2/OfficialUnofficialBidItems?:embed=y&:isGuestRedirectFromVizportal=y&Proposal%20Status=Official&CONTROLLING%20PROJECT%20ID%20(CCSJ)=6501-52-001
0922-20-030,Off-Syst Charlie Brown Rd @ Draw,La Salle,668834.28,OK,Estimate verified in system.,https://tableau.txdot.gov/views/OfficialandUnofficialBidItems4_8x2/OfficialUnofficialBidItems?:embed=y&:isGuestRedirectFromVizportal=y&Proposal%20Status=Official&CONTROLLING%20PROJECT%20ID%20(CCSJ)=0922-20-030
6499-74-001,MISCELLANEOUS BRIDGE REPAIR (BPM 2027),Comanche,1164995.83,OK,Estimate verified in system.,https://tableau.txdot.gov/views/OfficialandUnofficialBidItems4_8x2/OfficialUnofficialBidItems?:embed=y&:isGuestRedirectFromVizportal=y&Proposal%20Status=Official&CONTROLLING%20PROJECT%20ID%20(CCSJ)=6499-74-001
6507-02-001,FY 27 Pampa Area HMAC Pickup & Delivery,Hemphill,614500,OK,Estimate verified in system.,https://tableau.txdot.gov/views/OfficialandUnofficialBidItems4_8x2/OfficialUnofficialBidItems?:embed=y&:isGuestRedirectFromVizportal=y&Proposal%20Status=Official&CONTROLLING%20PROJECT%20ID%20(CCSJ)=6507-02-001
0912-72-848,"IH 45, IH 610, US 290, FM 1458 Repairs",Harris,4359973.8,OK,Estimate verified in system.,https://tableau.txdot.gov/views/OfficialandUnofficialBidItems4_8x2/OfficialUnofficialBidItems?:embed=y&:isGuestRedirectFromVizportal=y&Proposal%20Status=Official&CONTROLLING%20PROJECT%20ID%20(CCSJ)=0912-72-848
6508-71-001,FY '27 Palo Pinto MMC Flexible Base,Palo Pinto,104500,OK,Estimate verified in system.,https://tableau.txdot.gov/views/OfficialandUnofficialBidItems4_8x2/OfficialUnofficialBidItems?:embed=y&:isGuestRedirectFromVizportal=y&Proposal%20Status=Official&CONTROLLING%20PROJECT%20ID%20(CCSJ)=6508-71-001
6508-18-001,"FY 26, Sign Maint & Rpr, N Harris",Harris,680457.21,OK,Estimate verified in system.,https://tableau.txdot.gov/views/OfficialandUnofficialBidItems4_8x2/OfficialUnofficialBidItems?:embed=y&:isGuestRedirectFromVizportal=y&Proposal%20Status=Official&CONTROLLING%20PROJECT%20ID%20(CCSJ)=6508-18-001
0303-04-039,SH 86 12 Miles W of Hall C/L to Hall C/L,Briscoe,5605276.77,OK,Estimate verified in system.,https://tableau.txdot.gov/views/OfficialandUnofficialBidItems4_8x2/OfficialUnofficialBidItems?:embed=y&:isGuestRedirectFromVizportal=y&Proposal%20Status=Official&CONTROLLING%20PROJECT%20ID%20(CCSJ)=0303-04-039
0196-03-288,Victory Station At IH 35E SBFR,Dallas,1273638,OK,Estimate verified in system.,https://tableau.txdot.gov/views/OfficialandUnofficialBidItems4_8x2/OfficialUnofficialBidItems?:embed=y&:isGuestRedirectFromVizportal=y&Proposal%20Status=Official&CONTROLLING%20PROJECT%20ID%20(CCSJ)=0196-03-288
6504-90-001,Aggregate MMC 6504-90-001,Montgomery,96200,OK,Estimate verified in system.,https://tableau.txdot.gov/views/OfficialandUnofficialBidItems4_8x2/OfficialUnofficialBidItems?:embed=y&:isGuestRedirectFromVizportal=y&Proposal%20Status=Official&CONTROLLING%20PROJECT%20ID%20(CCSJ)=6504-90-001
6493-19-001,Flexible Pavement Str Repair 771 26-27,Dallas,688539.93,OK,Estimate verified in system.,https://tableau.txdot.gov/views/OfficialandUnofficialBidItems4_8x2/OfficialUnofficialBidItems?:embed=y&:isGuestRedirectFromVizportal=y&Proposal%20Status=Official&CONTROLLING%20PROJECT%20ID%20(CCSJ)=6493-19-001
6506-68-001,ABL State Supported Living Center,Taylor,270000,OK,Estimate verified in system.,https://tableau.txdot.gov/views/OfficialandUnofficialBidItems4_8x2/OfficialUnofficialBidItems?:embed=y&:isGuestRedirectFromVizportal=y&Proposal%20Status=Official&CONTROLLING%20PROJECT%20ID%20(CCSJ)=6506-68-001
6505-56-001,Callout Cable Barrier West FY26,Howard,961136,OK,Estimate verified in system.,https://tableau.txdot.gov/views/OfficialandUnofficialBidItems4_8x2/OfficialUnofficialBidItems?:embed=y&:isGuestRedirectFromVizportal=y&Proposal%20Status=Official&CONTROLLING%20PROJECT%20ID%20(CCSJ)=6505-56-001
6504-30-001,Central Dense Garde HMA,Nolan,340000,OK,Estimate verified in system.,https://tableau.txdot.gov/views/OfficialandUnofficialBidItems4_8x2/OfficialUnofficialBidItems?:embed=y&:isGuestRedirectFromVizportal=y&Proposal%20Status=Official&CONTROLLING%20PROJECT%20ID%20(CCSJ)=6504-30-001
6503-72-001,MISC. BRIDGE REPAIR (BPM 2027),Lampasas,1160604.69,OK,Estimate verified in system.,https://tableau.txdot.gov/views/OfficialandUnofficialBidItems4_8x2/OfficialUnofficialBidItems?:embed=y&:isGuestRedirectFromVizportal=y&Proposal%20Status=Official&CONTROLLING%20PROJECT%20ID%20(CCSJ)=6503-72-001
6504-00-001,2026-10 Trinity MBGF,Trinity,169015,OK,Estimate verified in system.,https://tableau.txdot.gov/views/OfficialandUnofficialBidItems4_8x2/OfficialUnofficialBidItems?:embed=y&:isGuestRedirectFromVizportal=y&Proposal%20Status=Official&CONTROLLING%20PROJECT%20ID%20(CCSJ)=6504-00-001
6493-26-001,FY2026 - BPM Jack & Wise Counties,Wise,1412530.89,OK,Estimate verified in system.,https://tableau.txdot.gov/views/OfficialandUnofficialBidItems4_8x2/OfficialUnofficialBidItems?:embed=y&:isGuestRedirectFromVizportal=y&Proposal%20Status=Official&CONTROLLING%20PROJECT%20ID%20(CCSJ)=6493-26-001
6506-34-001,Emulsion - Duval County,Duval,577160,OK,Estimate verified in system.,https://tableau.txdot.gov/views/OfficialandUnofficialBidItems4_8x2/OfficialUnofficialBidItems?:embed=y&:isGuestRedirectFromVizportal=y&Proposal%20Status=Official&CONTROLLING%20PROJECT%20ID%20(CCSJ)=6506-34-001
6502-95-001,Winter Weather Material 09 0926,Ellis,1,FLAGGED,Missing or nominal estimate ($1 or $0).,https://tableau.txdot.gov/views/OfficialandUnofficialBidItems4_8x2/OfficialUnofficialBidItems?:embed=y&:isGuestRedirectFromVizportal=y&Proposal%20Status=Official&CONTROLLING%20PROJECT%20ID%20(CCSJ)=6502-95-001
1414-03-043,FM 1462 - W of Troon Dr to BS 35-C,Brazoria,1078721.72,OK,Estimate verified in system.,https://tableau.txdot.gov/views/OfficialandUnofficialBidItems4_8x2/OfficialUnofficialBidItems?:embed=y&:isGuestRedirectFromVizportal=y&Proposal%20Status=Official&CONTROLLING%20PROJECT%20ID%20(CCSJ)=1414-03-043
6509-34-001,Tree Trimming and Brush Removal FY 27,Colorado,326000,OK,Estimate verified in system.,https://tableau.txdot.gov/views/OfficialandUnofficialBidItems4_8x2/OfficialUnofficialBidItems?:embed=y&:isGuestRedirectFromVizportal=y&Proposal%20Status=Official&CONTROLLING%20PROJECT%20ID%20(CCSJ)=6509-34-001
1122-01-034,FM791 Karnes RefMk 526 to FM887 Junction,Karnes,18280355.16,OK,Estimate verified in system.,https://tableau.txdot.gov/views/OfficialandUnofficialBidItems4_8x2/OfficialUnofficialBidItems?:embed=y&:isGuestRedirectFromVizportal=y&Proposal%20Status=Official&CONTROLLING%20PROJECT%20ID%20(CCSJ)=1122-01-034
6505-19-001,Rock/Riprap Materials 09 1026,Ellis,95000,OK,Estimate verified in system.,https://tableau.txdot.gov/views/OfficialandUnofficialBidItems4_8x2/OfficialUnofficialBidItems?:embed=y&:isGuestRedirectFromVizportal=y&Proposal%20Status=Official&CONTROLLING%20PROJECT%20ID%20(CCSJ)=6505-19-001
6503-84-001,MBGF - McLennan AO,Mclennan,1513544,OK,Estimate verified in system.,https://tableau.txdot.gov/views/OfficialandUnofficialBidItems4_8x2/OfficialUnofficialBidItems?:embed=y&:isGuestRedirectFromVizportal=y&Proposal%20Status=Official&CONTROLLING%20PROJECT%20ID%20(CCSJ)=6503-84-001
6504-67-001,6504-67-001 FULL DEPTH CONCRETE,Harris,3049175.32,OK,Estimate verified in system.,https://tableau.txdot.gov/views/OfficialandUnofficialBidItems4_8x2/OfficialUnofficialBidItems?:embed=y&:isGuestRedirectFromVizportal=y&Proposal%20Status=Official&CONTROLLING%20PROJECT%20ID%20(CCSJ)=6504-67-001
6508-81-001,FY '27 Palo Pinto MMC Hydraulic Cement,Palo Pinto,465000,OK,Estimate verified in system.,https://tableau.txdot.gov/views/OfficialandUnofficialBidItems4_8x2/OfficialUnofficialBidItems?:embed=y&:isGuestRedirectFromVizportal=y&Proposal%20Status=Official&CONTROLLING%20PROJECT%20ID%20(CCSJ)=6508-81-001
0669-01-070,FM 681 - Install Warning Signs at Curves,Hidalgo,558022.95,OK,Estimate verified in system.,https://tableau.txdot.gov/views/OfficialandUnofficialBidItems4_8x2/OfficialUnofficialBidItems?:embed=y&:isGuestRedirectFromVizportal=y&Proposal%20Status=Official&CONTROLLING%20PROJECT%20ID%20(CCSJ)=0669-01-070
6506-43-001,04 Winter Weather Material - Brine 11/26,Denton,109500,OK,Estimate verified in system.,https://tableau.txdot.gov/views/OfficialandUnofficialBidItems4_8x2/OfficialUnofficialBidItems?:embed=y&:isGuestRedirectFromVizportal=y&Proposal%20Status=Official&CONTROLLING%20PROJECT%20ID%20(CCSJ)=6506-43-001
6502-60-001,On Call Traffic Control FY 27 Denton CO,Denton,562983,OK,Estimate verified in system.,https://tableau.txdot.gov/views/OfficialandUnofficialBidItems4_8x2/OfficialUnofficialBidItems?:embed=y&:isGuestRedirectFromVizportal=y&Proposal%20Status=Official&CONTROLLING%20PROJECT%20ID%20(CCSJ)=6502-60-001
6508-34-001,Trinity Ditch and Culvert Cleaning,Trinity,372650,OK,Estimate verified in system.,https://tableau.txdot.gov/views/OfficialandUnofficialBidItems4_8x2/OfficialUnofficialBidItems?:embed=y&:isGuestRedirectFromVizportal=y&Proposal%20Status=Official&CONTROLLING%20PROJECT%20ID%20(CCSJ)=6508-34-001
