Sub Index,Record Type,Master (Parent) CSJ,Individual Project CSJ,Has Multi-CSJs?,Sub-CSJ Count,Let Date,County,Highway,District,Project Type,Estimate ($)
1,Sub-CSJ Project,0844-04-011,2252-01-010,Sub-CSJ of 0844-04-011,Sub-CSJ #2,,Collingsworth,,,,0
2,Sub-CSJ Project,1414-01-025,0912-72-876,Sub-CSJ of 1414-01-025,Sub-CSJ #1,,Galveston,,,,0
3,Sub-CSJ Project,1414-01-025,0981-02-014,Sub-CSJ of 1414-01-025,Sub-CSJ #2,,Galveston,,,,0
4,Sub-CSJ Project,1414-01-025,3055-01-011,Sub-CSJ of 1414-01-025,Sub-CSJ #3,,Galveston,,,,0
5,Sub-CSJ Project,1414-01-025,1844-01-032,Sub-CSJ of 1414-01-025,Sub-CSJ #4,,Galveston,,,,0
6,Sub-CSJ Project,1414-01-025,1844-02-025,Sub-CSJ of 1414-01-025,Sub-CSJ #5,,Galveston,,,,0
7,Sub-CSJ Project,1414-01-025,1414-01-025,Sub-CSJ of 1414-01-025,Sub-CSJ #6,,Galveston,,,,0
8,Sub-CSJ Project,0001-01-075,0674-01-079,Sub-CSJ of 0001-01-075,Sub-CSJ #1,,El Paso,,,,0
9,Sub-CSJ Project,0001-01-075,0674-01-080,Sub-CSJ of 0001-01-075,Sub-CSJ #2,,El Paso,,,,0
10,Sub-CSJ Project,0001-01-075,3451-01-050,Sub-CSJ of 0001-01-075,Sub-CSJ #3,,El Paso,,,,0
11,Sub-CSJ Project,0001-01-075,0924-06-721,Sub-CSJ of 0001-01-075,Sub-CSJ #4,,El Paso,,,,0
12,Sub-CSJ Project,0001-01-075,1046-01-048,Sub-CSJ of 0001-01-075,Sub-CSJ #5,,El Paso,,,,0
13,Sub-CSJ Project,0001-01-075,0167-01-135,Sub-CSJ of 0001-01-075,Sub-CSJ #6,,El Paso,,,,0
14,Sub-CSJ Project,0001-01-075,0924-06-724,Sub-CSJ of 0001-01-075,Sub-CSJ #7,,El Paso,,,,0
15,Sub-CSJ Project,0001-01-075,0001-04-106,Sub-CSJ of 0001-01-075,Sub-CSJ #8,,El Paso,,,,0
16,Sub-CSJ Project,0001-01-075,0001-04-107,Sub-CSJ of 0001-01-075,Sub-CSJ #9,,El Paso,,,,0
17,Sub-CSJ Project,0001-01-075,2326-01-032,Sub-CSJ of 0001-01-075,Sub-CSJ #10,,El Paso,,,,0
18,Sub-CSJ Project,0001-01-075,0924-06-716,Sub-CSJ of 0001-01-075,Sub-CSJ #11,,El Paso,,,,0
19,Sub-CSJ Project,0001-01-075,0001-01-075,Sub-CSJ of 0001-01-075,Sub-CSJ #12,,El Paso,,,,0
20,Sub-CSJ Project,0001-01-075,0167-01-136,Sub-CSJ of 0001-01-075,Sub-CSJ #13,,El Paso,,,,0
21,Sub-CSJ Project,0600-01-013,2384-01-011,Sub-CSJ of 0600-01-013,Sub-CSJ #1,,Ward,,,,0
22,Sub-CSJ Project,0600-01-013,0695-01-019,Sub-CSJ of 0600-01-013,Sub-CSJ #2,,Ward,,,,0
23,Sub-CSJ Project,0600-01-013,2262-01-022,Sub-CSJ of 0600-01-013,Sub-CSJ #3,,Ward,,,,0
24,Sub-CSJ Project,0600-01-013,0600-01-013,Sub-CSJ of 0600-01-013,Sub-CSJ #4,,Ward,,,,0
25,Sub-CSJ Project,0600-01-013,0866-07-016,Sub-CSJ of 0600-01-013,Sub-CSJ #5,,Ward,,,,0
26,Sub-CSJ Project,0600-01-013,1639-01-019,Sub-CSJ of 0600-01-013,Sub-CSJ #6,,Ward,,,,0
27,Sub-CSJ Project,0600-01-013,2905-01-015,Sub-CSJ of 0600-01-013,Sub-CSJ #7,,Ward,,,,0
28,Sub-CSJ Project,0600-01-013,2262-03-018,Sub-CSJ of 0600-01-013,Sub-CSJ #8,,Ward,,,,0
29,Sub-CSJ Project,0600-01-013,0600-02-015,Sub-CSJ of 0600-01-013,Sub-CSJ #9,,Ward,,,,0
30,Sub-CSJ Project,0086-07-038,0698-01-018,Sub-CSJ of 0086-07-038,Sub-CSJ #1,,Jim Hogg,,,,0
31,Sub-CSJ Project,0086-07-038,0696-03-018,Sub-CSJ of 0086-07-038,Sub-CSJ #2,,Jim Hogg,,,,0
32,Sub-CSJ Project,0086-07-038,0696-03-017,Sub-CSJ of 0086-07-038,Sub-CSJ #3,,Jim Hogg,,,,0
33,Sub-CSJ Project,0086-07-038,0669-01-068,Sub-CSJ of 0086-07-038,Sub-CSJ #4,,Jim Hogg,,,,0
34,Sub-CSJ Project,0086-07-038,0086-07-038,Sub-CSJ of 0086-07-038,Sub-CSJ #5,,Jim Hogg,,,,0
35,Sub-CSJ Project,0086-07-038,1801-01-065,Sub-CSJ of 0086-07-038,Sub-CSJ #6,,Jim Hogg,,,,0
36,Sub-CSJ Project,0086-07-038,2530-01-017,Sub-CSJ of 0086-07-038,Sub-CSJ #7,,Jim Hogg,,,,0
37,Sub-CSJ Project,0086-07-038,1430-02-018,Sub-CSJ of 0086-07-038,Sub-CSJ #8,,Jim Hogg,,,,0
38,Sub-CSJ Project,0086-07-038,2094-01-075,Sub-CSJ of 0086-07-038,Sub-CSJ #9,,Jim Hogg,,,,0
39,Sub-CSJ Project,0086-07-038,0864-01-082,Sub-CSJ of 0086-07-038,Sub-CSJ #10,,Jim Hogg,,,,0
40,Sub-CSJ Project,0086-07-038,1228-01-014,Sub-CSJ of 0086-07-038,Sub-CSJ #11,,Jim Hogg,,,,0
41,Sub-CSJ Project,0086-07-038,2966-01-017,Sub-CSJ of 0086-07-038,Sub-CSJ #12,,Jim Hogg,,,,0
42,Sub-CSJ Project,0047-06-178,0047-14-092,Sub-CSJ of 0047-06-178,Sub-CSJ #2,,Collin,,,,0
43,Sub-CSJ Project,0873-01-029,1138-01-043,Sub-CSJ of 0873-01-029,Sub-CSJ #2,,Cameron,,,,0
44,Sub-CSJ Project,0873-01-029,1588-01-003,Sub-CSJ of 0873-01-029,Sub-CSJ #3,,Cameron,,,,0
45,Sub-CSJ Project,0873-01-029,1803-03-010,Sub-CSJ of 0873-01-029,Sub-CSJ #4,,Cameron,,,,0
46,Sub-CSJ Project,0873-01-029,1065-02-044,Sub-CSJ of 0873-01-029,Sub-CSJ #5,,Cameron,,,,0
47,Sub-CSJ Project,0873-01-029,1803-02-052,Sub-CSJ of 0873-01-029,Sub-CSJ #6,,Cameron,,,,0
48,Sub-CSJ Project,0873-01-029,2450-01-028,Sub-CSJ of 0873-01-029,Sub-CSJ #7,,Cameron,,,,0
49,Sub-CSJ Project,0873-01-029,1803-02-051,Sub-CSJ of 0873-01-029,Sub-CSJ #8,,Cameron,,,,0
50,Sub-CSJ Project,0873-01-029,2643-01-006,Sub-CSJ of 0873-01-029,Sub-CSJ #9,,Cameron,,,,0
51,Sub-CSJ Project,0873-01-029,1587-01-019,Sub-CSJ of 0873-01-029,Sub-CSJ #10,,Cameron,,,,0
52,Sub-CSJ Project,0901-19-198,0901-19-217,Sub-CSJ of 0901-19-198,Sub-CSJ #1,,Grayson,,,,0
53,Sub-CSJ Project,0901-19-198,0901-19-198,Sub-CSJ of 0901-19-198,Sub-CSJ #2,,Grayson,,,,0
54,Sub-CSJ Project,0901-19-198,0901-32-105,Sub-CSJ of 0901-19-198,Sub-CSJ #3,,Grayson,,,,0
55,Sub-CSJ Project,0901-19-198,0901-32-108,Sub-CSJ of 0901-19-198,Sub-CSJ #4,,Grayson,,,,0
56,Sub-CSJ Project,0028-05-057,0703-03-030,Sub-CSJ of 0028-05-057,Sub-CSJ #1,,Liberty,,,,0
57,Sub-CSJ Project,0028-05-057,0307-02-052,Sub-CSJ of 0028-05-057,Sub-CSJ #2,,Liberty,,,,0
58,Sub-CSJ Project,0028-05-057,0028-15-063,Sub-CSJ of 0028-05-057,Sub-CSJ #3,,Liberty,,,,0
59,Sub-CSJ Project,0028-05-057,0243-04-062,Sub-CSJ of 0028-05-057,Sub-CSJ #4,,Liberty,,,,0
60,Sub-CSJ Project,0028-05-057,0388-03-090,Sub-CSJ of 0028-05-057,Sub-CSJ #5,,Liberty,,,,0
61,Sub-CSJ Project,0028-05-057,1947-02-017,Sub-CSJ of 0028-05-057,Sub-CSJ #6,,Liberty,,,,0
62,Sub-CSJ Project,0028-05-057,3271-01-019,Sub-CSJ of 0028-05-057,Sub-CSJ #7,,Liberty,,,,0
63,Sub-CSJ Project,0028-05-057,0307-01-161,Sub-CSJ of 0028-05-057,Sub-CSJ #8,,Liberty,,,,0
64,Sub-CSJ Project,0028-05-057,0028-05-057,Sub-CSJ of 0028-05-057,Sub-CSJ #9,,Liberty,,,,0
65,Sub-CSJ Project,0028-05-057,0243-03-072,Sub-CSJ of 0028-05-057,Sub-CSJ #10,,Liberty,,,,0
66,Sub-CSJ Project,0028-05-057,1061-01-040,Sub-CSJ of 0028-05-057,Sub-CSJ #11,,Liberty,,,,0
67,Sub-CSJ Project,0028-05-057,0305-04-039,Sub-CSJ of 0028-05-057,Sub-CSJ #12,,Liberty,,,,0
68,Sub-CSJ Project,0028-05-057,0593-01-141,Sub-CSJ of 0028-05-057,Sub-CSJ #13,,Liberty,,,,0
69,Sub-CSJ Project,0028-05-057,0932-01-122,Sub-CSJ of 0028-05-057,Sub-CSJ #14,,Liberty,,,,0
70,Sub-CSJ Project,0028-05-057,0305-03-046,Sub-CSJ of 0028-05-057,Sub-CSJ #15,,Liberty,,,,0
71,Sub-CSJ Project,0028-05-057,0028-06-098,Sub-CSJ of 0028-05-057,Sub-CSJ #16,,Liberty,,,,0
72,Sub-CSJ Project,0028-05-057,0627-03-029,Sub-CSJ of 0028-05-057,Sub-CSJ #17,,Liberty,,,,0
73,Sub-CSJ Project,0028-05-057,1947-01-021,Sub-CSJ of 0028-05-057,Sub-CSJ #18,,Liberty,,,,0
74,Sub-CSJ Project,0028-05-057,1583-02-020,Sub-CSJ of 0028-05-057,Sub-CSJ #19,,Liberty,,,,0
75,Sub-CSJ Project,0028-05-057,0667-01-130,Sub-CSJ of 0028-05-057,Sub-CSJ #20,,Liberty,,,,0
76,Sub-CSJ Project,0028-05-057,0703-01-068,Sub-CSJ of 0028-05-057,Sub-CSJ #21,,Liberty,,,,0
77,Sub-CSJ Project,0028-05-057,0593-01-142,Sub-CSJ of 0028-05-057,Sub-CSJ #22,,Liberty,,,,0
78,Sub-CSJ Project,0028-05-057,0388-05-011,Sub-CSJ of 0028-05-057,Sub-CSJ #23,,Liberty,,,,0
79,Sub-CSJ Project,0028-05-057,0601-01-066,Sub-CSJ of 0028-05-057,Sub-CSJ #24,,Liberty,,,,0
80,Sub-CSJ Project,0028-05-057,1061-01-039,Sub-CSJ of 0028-05-057,Sub-CSJ #25,,Liberty,,,,0
81,Sub-CSJ Project,0028-05-057,0307-01-157,Sub-CSJ of 0028-05-057,Sub-CSJ #26,,Liberty,,,,0
82,Sub-CSJ Project,0028-05-057,0710-01-051,Sub-CSJ of 0028-05-057,Sub-CSJ #27,,Liberty,,,,0
83,Sub-CSJ Project,0110-06-151,0110-07-022,Sub-CSJ of 0110-06-151,Sub-CSJ #2,,Harris,,,,0
84,Sub-CSJ Project,0903-28-073,0903-28-076,Sub-CSJ of 0903-28-073,Sub-CSJ #2,,Montague,,,,0
85,Sub-CSJ Project,0903-28-073,0903-28-074,Sub-CSJ of 0903-28-073,Sub-CSJ #3,,Montague,,,,0
86,Sub-CSJ Project,0903-28-073,0903-28-075,Sub-CSJ of 0903-28-073,Sub-CSJ #4,,Montague,,,,0
87,Sub-CSJ Project,0976-03-120,1414-01-024,Sub-CSJ of 0976-03-120,Sub-CSJ #2,,Galveston,,,,0
88,Sub-CSJ Project,0101-01-070,0371-02-083,Sub-CSJ of 0101-01-070,Sub-CSJ #2,,Bee,,,,0
89,Sub-CSJ Project,0913-09-134,0913-09-135,Sub-CSJ of 0913-09-134,Sub-CSJ #1,,Wharton,,,,0
90,Sub-CSJ Project,0913-09-134,0913-09-136,Sub-CSJ of 0913-09-134,Sub-CSJ #2,,Wharton,,,,0
91,Sub-CSJ Project,0913-09-134,0913-09-134,Sub-CSJ of 0913-09-134,Sub-CSJ #3,,Wharton,,,,0
92,Sub-CSJ Project,0228-05-072,0004-02-075,Sub-CSJ of 0228-05-072,Sub-CSJ #1,,Andrews,,,,0
93,Sub-CSJ Project,0228-05-072,0292-07-022,Sub-CSJ of 0228-05-072,Sub-CSJ #2,,Andrews,,,,0
94,Sub-CSJ Project,0228-05-072,1081-01-020,Sub-CSJ of 0228-05-072,Sub-CSJ #3,,Andrews,,,,0
95,Sub-CSJ Project,0228-05-072,1717-02-024,Sub-CSJ of 0228-05-072,Sub-CSJ #4,,Andrews,,,,0
96,Sub-CSJ Project,0228-05-072,1718-06-013,Sub-CSJ of 0228-05-072,Sub-CSJ #5,,Andrews,,,,0
97,Sub-CSJ Project,0228-05-072,0228-05-072,Sub-CSJ of 0228-05-072,Sub-CSJ #6,,Andrews,,,,0
98,Sub-CSJ Project,0228-05-072,0228-06-098,Sub-CSJ of 0228-05-072,Sub-CSJ #7,,Andrews,,,,0
99,Sub-CSJ Project,0228-05-072,1717-01-012,Sub-CSJ of 0228-05-072,Sub-CSJ #8,,Andrews,,,,0
100,Sub-CSJ Project,0228-05-072,1718-07-048,Sub-CSJ of 0228-05-072,Sub-CSJ #9,,Andrews,,,,0
101,Sub-CSJ Project,0228-05-072,1718-05-019,Sub-CSJ of 0228-05-072,Sub-CSJ #10,,Andrews,,,,0
102,Sub-CSJ Project,1479-01-028,1479-01-029,Sub-CSJ of 1479-01-028,Sub-CSJ #2,,Bexar,,,,0
103,Sub-CSJ Project,0276-04-033,0276-05-030,Sub-CSJ of 0276-04-033,Sub-CSJ #1,,Zavala,,,,0
104,Sub-CSJ Project,0276-04-033,2484-01-008,Sub-CSJ of 0276-04-033,Sub-CSJ #2,,Zavala,,,,0
105,Sub-CSJ Project,0276-04-033,1229-01-083,Sub-CSJ of 0276-04-033,Sub-CSJ #3,,Zavala,,,,0
106,Sub-CSJ Project,0276-04-033,0236-02-021,Sub-CSJ of 0276-04-033,Sub-CSJ #4,,Zavala,,,,0
107,Sub-CSJ Project,0276-04-033,2012-02-018,Sub-CSJ of 0276-04-033,Sub-CSJ #5,,Zavala,,,,0
108,Sub-CSJ Project,0276-04-033,0236-03-029,Sub-CSJ of 0276-04-033,Sub-CSJ #6,,Zavala,,,,0
109,Sub-CSJ Project,0276-04-033,0276-04-033,Sub-CSJ of 0276-04-033,Sub-CSJ #7,,Zavala,,,,0
110,Sub-CSJ Project,0276-04-033,0375-06-027,Sub-CSJ of 0276-04-033,Sub-CSJ #8,,Zavala,,,,0
111,Sub-CSJ Project,0276-04-033,0299-03-077,Sub-CSJ of 0276-04-033,Sub-CSJ #9,,Zavala,,,,0
112,Sub-CSJ Project,0276-04-033,1937-02-034,Sub-CSJ of 0276-04-033,Sub-CSJ #10,,Zavala,,,,0
113,Sub-CSJ Project,0276-04-033,0412-06-022,Sub-CSJ of 0276-04-033,Sub-CSJ #11,,Zavala,,,,0
114,Sub-CSJ Project,0276-04-033,0652-01-042,Sub-CSJ of 0276-04-033,Sub-CSJ #12,,Zavala,,,,0
115,Sub-CSJ Project,0917-31-036,0917-31-037,Sub-CSJ of 0917-31-036,Sub-CSJ #2,,Madison,,,,0
116,Sub-CSJ Project,0039-10-095,0433-05-027,Sub-CSJ of 0039-10-095,Sub-CSJ #1,,Cameron,,,,0
117,Sub-CSJ Project,0039-10-095,3625-01-002,Sub-CSJ of 0039-10-095,Sub-CSJ #2,,Cameron,,,,0
118,Sub-CSJ Project,0039-10-095,1057-03-057,Sub-CSJ of 0039-10-095,Sub-CSJ #3,,Cameron,,,,0
119,Sub-CSJ Project,0039-10-095,0860-01-022,Sub-CSJ of 0039-10-095,Sub-CSJ #4,,Cameron,,,,0
120,Sub-CSJ Project,0039-10-095,0331-02-061,Sub-CSJ of 0039-10-095,Sub-CSJ #5,,Cameron,,,,0
121,Sub-CSJ Project,0039-10-095,1057-01-016,Sub-CSJ of 0039-10-095,Sub-CSJ #6,,Cameron,,,,0
122,Sub-CSJ Project,0039-10-095,2910-02-002,Sub-CSJ of 0039-10-095,Sub-CSJ #7,,Cameron,,,,0
123,Sub-CSJ Project,0039-10-095,0775-01-021,Sub-CSJ of 0039-10-095,Sub-CSJ #8,,Cameron,,,,0
124,Sub-CSJ Project,0039-10-095,3044-01-017,Sub-CSJ of 0039-10-095,Sub-CSJ #9,,Cameron,,,,0
125,Sub-CSJ Project,0039-10-095,0863-01-080,Sub-CSJ of 0039-10-095,Sub-CSJ #10,,Cameron,,,,0
126,Sub-CSJ Project,0039-10-095,0039-10-095,Sub-CSJ of 0039-10-095,Sub-CSJ #11,,Cameron,,,,0
127,Sub-CSJ Project,0185-01-046,1192-03-018,Sub-CSJ of 0185-01-046,Sub-CSJ #1,,Bell,,,,0
128,Sub-CSJ Project,0185-01-046,1658-01-012,Sub-CSJ of 0185-01-046,Sub-CSJ #2,,Bell,,,,0
129,Sub-CSJ Project,0185-01-046,2395-01-014,Sub-CSJ of 0185-01-046,Sub-CSJ #3,,Bell,,,,0
130,Sub-CSJ Project,0185-01-046,0231-16-039,Sub-CSJ of 0185-01-046,Sub-CSJ #4,,Bell,,,,0
131,Sub-CSJ Project,0185-01-046,3292-01-017,Sub-CSJ of 0185-01-046,Sub-CSJ #5,,Bell,,,,0
132,Sub-CSJ Project,0185-01-046,0386-03-024,Sub-CSJ of 0185-01-046,Sub-CSJ #6,,Bell,,,,0
133,Sub-CSJ Project,0185-01-046,1077-01-029,Sub-CSJ of 0185-01-046,Sub-CSJ #7,,Bell,,,,0
134,Sub-CSJ Project,0185-01-046,1373-01-014,Sub-CSJ of 0185-01-046,Sub-CSJ #8,,Bell,,,,0
135,Sub-CSJ Project,0185-01-046,2059-02-014,Sub-CSJ of 0185-01-046,Sub-CSJ #9,,Bell,,,,0
136,Sub-CSJ Project,0185-01-046,0867-03-029,Sub-CSJ of 0185-01-046,Sub-CSJ #10,,Bell,,,,0
137,Sub-CSJ Project,0185-01-046,0774-03-017,Sub-CSJ of 0185-01-046,Sub-CSJ #11,,Bell,,,,0
138,Sub-CSJ Project,0185-01-046,0185-01-045,Sub-CSJ of 0185-01-046,Sub-CSJ #12,,Bell,,,,0
139,Sub-CSJ Project,0185-01-046,3032-01-008,Sub-CSJ of 0185-01-046,Sub-CSJ #13,,Bell,,,,0
140,Sub-CSJ Project,0185-01-046,0185-01-046,Sub-CSJ of 0185-01-046,Sub-CSJ #14,,Bell,,,,0
141,Sub-CSJ Project,0185-01-046,2395-01-015,Sub-CSJ of 0185-01-046,Sub-CSJ #15,,Bell,,,,0
142,Sub-CSJ Project,0185-01-046,3027-01-007,Sub-CSJ of 0185-01-046,Sub-CSJ #16,,Bell,,,,0
143,Sub-CSJ Project,0050-09-099,0050-08-105,Sub-CSJ of 0050-09-099,Sub-CSJ #2,,Harris,,,,0
144,Sub-CSJ Project,0050-09-099,0114-12-018,Sub-CSJ of 0050-09-099,Sub-CSJ #3,,Harris,,,,0
145,Sub-CSJ Project,0050-09-099,0050-06-109,Sub-CSJ of 0050-09-099,Sub-CSJ #4,,Harris,,,,0
146,Sub-CSJ Project,0056-02-034,0093-07-023,Sub-CSJ of 0056-02-034,Sub-CSJ #1,,Limestone,,,,0
147,Sub-CSJ Project,0056-02-034,0258-03-048,Sub-CSJ of 0056-02-034,Sub-CSJ #2,,Limestone,,,,0
148,Sub-CSJ Project,0056-02-034,0056-03-067,Sub-CSJ of 0056-02-034,Sub-CSJ #3,,Limestone,,,,0
149,Sub-CSJ Project,0056-02-034,0231-03-159,Sub-CSJ of 0056-02-034,Sub-CSJ #4,,Limestone,,,,0
150,Sub-CSJ Project,0056-02-034,1664-01-022,Sub-CSJ of 0056-02-034,Sub-CSJ #5,,Limestone,,,,0
151,Sub-CSJ Project,0056-02-034,0398-04-078,Sub-CSJ of 0056-02-034,Sub-CSJ #6,,Limestone,,,,0
152,Sub-CSJ Project,0056-02-034,0121-03-067,Sub-CSJ of 0056-02-034,Sub-CSJ #7,,Limestone,,,,0
153,Sub-CSJ Project,0056-02-034,0056-02-034,Sub-CSJ of 0056-02-034,Sub-CSJ #8,,Limestone,,,,0
154,Sub-CSJ Project,0865-01-118,1228-03-060,Sub-CSJ of 0865-01-118,Sub-CSJ #2,,Hidalgo,,,,0
155,Sub-CSJ Project,0187-05-068,1687-02-010,Sub-CSJ of 0187-05-068,Sub-CSJ #1,,Fort Bend,,,,0
156,Sub-CSJ Project,0187-05-068,1687-01-019,Sub-CSJ of 0187-05-068,Sub-CSJ #2,,Fort Bend,,,,0
157,Sub-CSJ Project,0187-05-068,1258-02-044,Sub-CSJ of 0187-05-068,Sub-CSJ #3,,Fort Bend,,,,0
158,Sub-CSJ Project,0187-05-068,1043-01-012,Sub-CSJ of 0187-05-068,Sub-CSJ #4,,Fort Bend,,,,0
159,Sub-CSJ Project,0187-05-068,0187-05-068,Sub-CSJ of 0187-05-068,Sub-CSJ #5,,Fort Bend,,,,0
160,Sub-CSJ Project,0187-05-068,1043-02-005,Sub-CSJ of 0187-05-068,Sub-CSJ #6,,Fort Bend,,,,0
