Master Index,Record Type,Master (Parent) CSJ,Individual Project CSJ,Has Multi-CSJs?,Sub-CSJ Count,Let Date,County,Highway,District,Project Type,Estimate ($)
1,Master Contract,0844-04-011,0844-04-011,Yes (2 Sub-CSJs),2,,Collingsworth,,,,3287111.48
2,Master Contract,1414-01-025,1414-01-025,Yes (6 Sub-CSJs),6,,Galveston,,,,1394168.54
3,Master Contract,6506-98-001,6506-98-001,No (Single CSJ),1,,Smith,,,,260372
4,Master Contract,1352-01-025,1352-01-025,No (Single CSJ),1,,Montague,,,,350000
5,Master Contract,6504-65-001,6504-65-001,No (Single CSJ),1,,Navarro,,,,35492.34
6,Master Contract,6509-63-001,6509-63-001,No (Single CSJ),1,,Lubbock,,,,175000
7,Master Contract,6491-31-001,6491-31-001,No (Single CSJ),1,,Liberty,,,,492586.8
8,Master Contract,0918-00-440,0918-00-440,No (Single CSJ),1,,Dallas,,,,4451905
9,Master Contract,0001-01-075,0001-01-075,Yes (13 Sub-CSJs),13,,El Paso,,,,3804564
10,Master Contract,6506-55-001,6506-55-001,No (Single CSJ),1,,Grayson,,,,720196.8
11,Master Contract,6507-30-001,6507-30-001,No (Single CSJ),1,,Walker,,,,82500
12,Master Contract,6499-61-001,6499-61-001,No (Single CSJ),1,,Montgomery,,,,727189.5
13,Master Contract,6503-74-001,6503-74-001,No (Single CSJ),1,,Nacogdoches,,,,687750
14,Master Contract,6498-39-001,6498-39-001,No (Single CSJ),1,,Henderson,,,,145344.4
15,Master Contract,6502-07-001,6502-07-001,No (Single CSJ),1,,Navarro,,,,159700
16,Master Contract,6499-29-001,6499-29-001,No (Single CSJ),1,,Eastland,,,,193258.05
17,Master Contract,6506-32-001,6506-32-001,No (Single CSJ),1,,Nacogdoches,,,,997023
18,Master Contract,0915-11-037,0915-11-037,No (Single CSJ),1,,Kendall,,,,523737.29
19,Master Contract,6506-58-001,6506-58-001,No (Single CSJ),1,,Tarrant,,,,153302.71
20,Master Contract,0172-09-047,0172-09-047,No (Single CSJ),1,,Tarrant,,,,3514144.18
21,Master Contract,0600-01-013,0600-01-013,Yes (9 Sub-CSJs),9,,Ward,,,,6046052.12
22,Master Contract,6507-00-001,6507-00-001,No (Single CSJ),1,,Walker,,,,118400
23,Master Contract,0086-07-038,0086-07-038,Yes (12 Sub-CSJs),12,,Jim Hogg,,,,4069627.26
24,Master Contract,6501-45-001,6501-45-001,No (Single CSJ),1,,Collin,,,,127342
25,Master Contract,6509-58-001,6509-58-001,No (Single CSJ),1,,Karnes,,,,855000
26,Master Contract,6487-54-001,6487-54-001,No (Single CSJ),1,,Jasper,,,,897329.5
27,Master Contract,6503-36-001,6503-36-001,No (Single CSJ),1,,Dallas,,,,165550
28,Master Contract,6502-56-001,6502-56-001,No (Single CSJ),1,,Cameron,,,,1116965.14
29,Master Contract,6503-45-001,6503-45-001,No (Single CSJ),1,,Grayson,,,,589225
30,Master Contract,6505-03-001,6505-03-001,No (Single CSJ),1,,Hopkins,,,,529638.88
31,Master Contract,6503-56-001,6503-56-001,No (Single CSJ),1,,Angelina,,,,297986
32,Master Contract,6498-35-001,6498-35-001,No (Single CSJ),1,,Collin,,,,71867
33,Master Contract,6504-28-001,6504-28-001,No (Single CSJ),1,,Hale,,,,505439.5
34,Master Contract,1911-01-023,1911-01-023,No (Single CSJ),1,,Galveston,,,,3375346.25
35,Master Contract,6502-74-001,6502-74-001,No (Single CSJ),1,,Ellis,,,,657100
36,Master Contract,6503-37-001,6503-37-001,No (Single CSJ),1,,Dallas,,,,247760
37,Master Contract,6507-87-001,6507-87-001,No (Single CSJ),1,,Grayson,,,,979875
38,Master Contract,0051-09-127,0051-09-127,No (Single CSJ),1,,Galveston,,,,2179545.8
39,Master Contract,6503-06-001,6503-06-001,No (Single CSJ),1,,Kaufman,,,,575225
40,Master Contract,0331-04-074,0331-04-074,No (Single CSJ),1,,Cameron,,,,89950.48
41,Master Contract,6507-18-001,6507-18-001,No (Single CSJ),1,,Walker,,,,153600
42,Master Contract,6508-58-001,6508-58-001,No (Single CSJ),1,,Tom Green,,,,210560
43,Master Contract,6494-80-001,6494-80-001,No (Single CSJ),1,,Navarro,,,,58180
44,Master Contract,0549-02-038,0549-02-038,No (Single CSJ),1,,Fannin,,,,1829363.32
45,Master Contract,0902-39-050,0902-39-050,No (Single CSJ),1,,Palo Pinto,,,,515079.4
46,Master Contract,0722-03-016,0722-03-016,No (Single CSJ),1,,Red River,,,,1707256.67
47,Master Contract,6499-80-001,6499-80-001,No (Single CSJ),1,,Aransas,,,,274987.5
48,Master Contract,6506-28-001,6506-28-001,No (Single CSJ),1,,Lamar,,,,503823.4
49,Master Contract,6503-46-001,6503-46-001,No (Single CSJ),1,,Dallas,,,,273000
50,Master Contract,6496-52-001,6496-52-001,No (Single CSJ),1,,Blanco,,,,2782000
51,Master Contract,0921-02-526,0921-02-526,No (Single CSJ),1,,Hidalgo,,,,230687.93
52,Master Contract,0427-01-042,0427-01-042,No (Single CSJ),1,,Red River,,,,1783455.25
53,Master Contract,6503-65-001,6503-65-001,No (Single CSJ),1,,Houston,,,,241625
54,Master Contract,6508-83-001,6508-83-001,No (Single CSJ),1,,Wichita,,,,580851.12
55,Master Contract,6480-09-001,6480-09-001,No (Single CSJ),1,,Potter,,,,1800640
56,Master Contract,0047-06-178,0047-06-178,Yes (2 Sub-CSJs),2,,Collin,,,,3140076.5
57,Master Contract,6507-17-001,6507-17-001,No (Single CSJ),1,,Freestone,,,,108800
58,Master Contract,6504-26-001,6504-26-001,No (Single CSJ),1,,Terry,,,,471418
59,Master Contract,6505-01-001,6505-01-001,No (Single CSJ),1,,Grayson,,,,179521.04
60,Master Contract,6502-16-001,6502-16-001,No (Single CSJ),1,,Kaufman,,,,504850
61,Master Contract,6506-61-001,6506-61-001,No (Single CSJ),1,,Stonewall,,,,340995.75
62,Master Contract,0221-09-039,0221-09-039,No (Single CSJ),1,,Titus,,,,1181335.97
63,Master Contract,6507-32-001,6507-32-001,No (Single CSJ),1,,Washington,,,,138120
64,Master Contract,0873-01-029,0873-01-029,Yes (10 Sub-CSJs),10,,Cameron,,,,3532550.65
65,Master Contract,6502-53-001,6502-53-001,No (Single CSJ),1,,Navarro,,,,265870
66,Master Contract,6501-91-001,6501-91-001,No (Single CSJ),1,,Fort Bend,,,,832244.25
67,Master Contract,6505-47-001,6505-47-001,No (Single CSJ),1,,Upton,,,,271612.5
68,Master Contract,6505-59-001,6505-59-001,No (Single CSJ),1,,Tarrant,,,,467943.89
69,Master Contract,6486-78-001,6486-78-001,No (Single CSJ),1,,Dallas,,,,1
70,Master Contract,1505-01-016,1505-01-016,No (Single CSJ),1,,Cameron,,,,11236733.53
71,Master Contract,6494-58-001,6494-58-001,No (Single CSJ),1,,Fort Bend,,,,532900
72,Master Contract,6503-47-001,6503-47-001,No (Single CSJ),1,,Dallas,,,,351250
73,Master Contract,6506-17-001,6506-17-001,No (Single CSJ),1,,Hunt,,,,235378.92
74,Master Contract,6502-47-001,6502-47-001,No (Single CSJ),1,,Madison,,,,345038.5
75,Master Contract,6504-01-001,6504-01-001,No (Single CSJ),1,,Colorado,,,,668720
76,Master Contract,1801-01-064,1801-01-064,No (Single CSJ),1,,Cameron,,,,464860.04
77,Master Contract,6508-22-001,6508-22-001,No (Single CSJ),1,,Tom Green,,,,372480
78,Master Contract,6501-50-001,6501-50-001,No (Single CSJ),1,,Jefferson,,,,533742
79,Master Contract,6500-58-001,6500-58-001,No (Single CSJ),1,,Webb,,,,6683574.77
80,Master Contract,6507-63-001,6507-63-001,No (Single CSJ),1,,Harris,,,,285800.28
81,Master Contract,0043-17-036,0043-17-036,No (Single CSJ),1,,Wichita,,,,1188329
82,Master Contract,0901-19-198,0901-19-198,Yes (4 Sub-CSJs),4,,Grayson,,,,2504656.39
83,Master Contract,6504-27-001,6504-27-001,No (Single CSJ),1,,Lamb,,,,800860.2
84,Master Contract,6507-28-001,6507-28-001,No (Single CSJ),1,,Shelby,,,,233650
85,Master Contract,6496-53-001,6496-53-001,No (Single CSJ),1,,Hays,,,,2112600
86,Master Contract,6506-60-001,6506-60-001,No (Single CSJ),1,,Taylor,,,,277174.5
87,Master Contract,6508-89-001,6508-89-001,No (Single CSJ),1,,San Patricio,,,,287100
88,Master Contract,6506-45-001,6506-45-001,No (Single CSJ),1,,Cameron,,,,614804
89,Master Contract,6507-48-001,6507-48-001,No (Single CSJ),1,,Bowie,,,,690850
90,Master Contract,6507-70-001,6507-70-001,No (Single CSJ),1,,Deaf Smith,,,,648338.5
91,Master Contract,0028-05-057,0028-05-057,Yes (27 Sub-CSJs),27,,Liberty,,,,12430020.6
92,Master Contract,6506-39-001,6506-39-001,No (Single CSJ),1,,Culberson,,,,59670
93,Master Contract,6504-84-001,6504-84-001,No (Single CSJ),1,,Tom Green,,,,537511.22
94,Master Contract,6504-81-001,6504-81-001,No (Single CSJ),1,,El Paso,,,,1625640
95,Master Contract,6505-02-001,6505-02-001,No (Single CSJ),1,,Hopkins,,,,130930
96,Master Contract,6505-17-001,6505-17-001,No (Single CSJ),1,,Travis,,,,1541660.5
97,Master Contract,6503-17-001,6503-17-001,No (Single CSJ),1,,Kaufman,,,,462962.5
98,Master Contract,6502-42-001,6502-42-001,No (Single CSJ),1,,Kaufman,,,,266150
99,Master Contract,0275-03-072,0275-03-072,No (Single CSJ),1,,Carson,,,,10704179.35
100,Master Contract,6502-15-001,6502-15-001,No (Single CSJ),1,,Denton,,,,52000
101,Master Contract,0181-01-071,0181-01-071,No (Single CSJ),1,,Taylor,,,,307957.6
102,Master Contract,6509-07-001,6509-07-001,No (Single CSJ),1,,Grayson,,,,542915.5
103,Master Contract,6508-03-001,6508-03-001,No (Single CSJ),1,,Panola,,,,651828.02
104,Master Contract,0110-06-151,0110-06-151,Yes (2 Sub-CSJs),2,,Harris,,,,1284248.1
105,Master Contract,6501-05-001,6501-05-001,No (Single CSJ),1,,Tom Green,,,,1329347
106,Master Contract,0068-05-039,0068-05-039,No (Single CSJ),1,,Dawson,,,,4420417.03
107,Master Contract,6503-98-001,6503-98-001,No (Single CSJ),1,,Hunt,,,,348800
108,Master Contract,6507-75-001,6507-75-001,No (Single CSJ),1,,Pecos,,,,30000
109,Master Contract,6484-49-001,6484-49-001,No (Single CSJ),1,,Travis,,,,778586.96
110,Master Contract,0903-28-073,0903-28-073,Yes (4 Sub-CSJs),4,,Montague,,,,3059363.99
111,Master Contract,0573-02-008,0573-02-008,No (Single CSJ),1,,Caldwell,,,,5431676.47
112,Master Contract,6501-34-001,6501-34-001,No (Single CSJ),1,,Ellis,,,,474779
113,Master Contract,0976-03-120,0976-03-120,Yes (2 Sub-CSJs),2,,Galveston,,,,474314.6
114,Master Contract,6506-25-001,6506-25-001,No (Single CSJ),1,,Duval,,,,186870
115,Master Contract,6503-34-001,6503-34-001,No (Single CSJ),1,,Dallas,,,,381100
116,Master Contract,6500-50-001,6500-50-001,No (Single CSJ),1,,Ellis,,,,1612410.27
117,Master Contract,6509-94-001,6509-94-001,No (Single CSJ),1,,Ward,,,,220000
118,Master Contract,6499-77-001,6499-77-001,No (Single CSJ),1,,Nueces,,,,175607.5
119,Master Contract,6501-92-001,6501-92-001,No (Single CSJ),1,,Denton,,,,215570
120,Master Contract,0173-04-063,0173-04-063,No (Single CSJ),1,,Kaufman,,,,949220.25
121,Master Contract,6508-96-001,6508-96-001,No (Single CSJ),1,,Hopkins,,,,197610.4
122,Master Contract,6507-78-001,6507-78-001,No (Single CSJ),1,,Midland,,,,528050
123,Master Contract,6504-85-001,6504-85-001,No (Single CSJ),1,,Reagan,,,,216000
124,Master Contract,6500-91-001,6500-91-001,No (Single CSJ),1,,Fayette,,,,1182215.39
125,Master Contract,6497-17-001,6497-17-001,No (Single CSJ),1,,Cameron,,,,521286
126,Master Contract,6502-03-001,6502-03-001,No (Single CSJ),1,,Palo Pinto,,,,1204220
127,Master Contract,6499-40-001,6499-40-001,No (Single CSJ),1,,Crane,,,,298020
128,Master Contract,0101-01-070,0101-01-070,Yes (2 Sub-CSJs),2,,Bee,,,,1470996.52
129,Master Contract,6507-77-001,6507-77-001,No (Single CSJ),1,,Ector,,,,458400
130,Master Contract,6496-87-001,6496-87-001,No (Single CSJ),1,,Dallas,,,,399840
131,Master Contract,6492-74-001,6492-74-001,No (Single CSJ),1,,Taylor,,,,937100
132,Master Contract,0913-09-134,0913-09-134,Yes (3 Sub-CSJs),3,,Wharton,,,,2343467.75
133,Master Contract,6503-35-001,6503-35-001,No (Single CSJ),1,,Dallas,,,,270375
134,Master Contract,0228-05-072,0228-05-072,Yes (10 Sub-CSJs),10,,Andrews,,,,18619756.05
135,Master Contract,6509-65-001,6509-65-001,No (Single CSJ),1,,Lubbock,,,,180500
136,Master Contract,6502-06-001,6502-06-001,No (Single CSJ),1,,Navarro,,,,70000
137,Master Contract,6503-05-001,6503-05-001,No (Single CSJ),1,,Collin,,,,907550
138,Master Contract,6506-19-001,6506-19-001,No (Single CSJ),1,,Brewster,,,,232925
139,Master Contract,6508-35-001,6508-35-001,No (Single CSJ),1,,San Saba,,,,96120
140,Master Contract,6500-62-001,6500-62-001,No (Single CSJ),1,,Comanche,,,,984194.9
141,Master Contract,6502-08-001,6502-08-001,No (Single CSJ),1,,Kaufman,,,,425075
142,Master Contract,6510-24-001,6510-24-001,No (Single CSJ),1,,Crosby,,,,689620
143,Master Contract,1479-01-028,1479-01-028,Yes (2 Sub-CSJs),2,,Bexar,,,,4058576.49
144,Master Contract,0276-04-033,0276-04-033,Yes (12 Sub-CSJs),12,,Zavala,,,,8562314.29
145,Master Contract,6508-57-001,6508-57-001,No (Single CSJ),1,,Tom Green,,,,308175
146,Master Contract,0902-00-368,0902-00-368,No (Single CSJ),1,,Parker,,,,4975541.1
147,Master Contract,0917-31-036,0917-31-036,Yes (2 Sub-CSJs),2,,Madison,,,,1040840.1
148,Master Contract,6502-14-001,6502-14-001,No (Single CSJ),1,,Denton,,,,156060
149,Master Contract,6506-99-001,6506-99-001,No (Single CSJ),1,,Washington,,,,88800
150,Master Contract,6507-73-001,6507-73-001,No (Single CSJ),1,,Ector,,,,25000
151,Master Contract,6501-04-001,6501-04-001,No (Single CSJ),1,,Kimble,,,,533850
152,Master Contract,6506-63-001,6506-63-001,No (Single CSJ),1,,Scurry,,,,67939
153,Master Contract,6506-01-001,6506-01-001,No (Single CSJ),1,,Hudspeth,,,,59670
154,Master Contract,0039-10-095,0039-10-095,Yes (11 Sub-CSJs),11,,Cameron,,,,4670785.3
155,Master Contract,6499-28-001,6499-28-001,No (Single CSJ),1,,Williamson,,,,965582.5
156,Master Contract,0185-01-046,0185-01-046,Yes (16 Sub-CSJs),16,,Bell,,,,4616515.51
157,Master Contract,6508-87-001,6508-87-001,No (Single CSJ),1,,Tarrant,,,,88170
158,Master Contract,6506-37-001,6506-37-001,No (Single CSJ),1,,Orange,,,,217790
159,Master Contract,6506-62-001,6506-62-001,No (Single CSJ),1,,Callahan,,,,90550
160,Master Contract,0050-09-099,0050-09-099,Yes (4 Sub-CSJs),4,,Harris,,,,4823008.54
161,Master Contract,6509-24-001,6509-24-001,No (Single CSJ),1,,Haskell,,,,2570698.5
162,Master Contract,6509-97-001,6509-97-001,No (Single CSJ),1,,Caldwell,,,,247838.6
163,Master Contract,6504-69-001,6504-69-001,No (Single CSJ),1,,Wood,,,,967500
164,Master Contract,6508-21-001,6508-21-001,No (Single CSJ),1,,Comanche,,,,437112
165,Master Contract,6508-32-001,6508-32-001,No (Single CSJ),1,,Delta,,,,21000
166,Master Contract,6509-23-001,6509-23-001,No (Single CSJ),1,,Refugio,,,,298000
167,Master Contract,6500-89-001,6500-89-001,No (Single CSJ),1,,Lavaca,,,,275604
168,Master Contract,0337-03-020,0337-03-020,No (Single CSJ),1,,Williamson,,,,2537276.2
169,Master Contract,6498-20-001,6498-20-001,No (Single CSJ),1,,Travis,,,,908690.5
170,Master Contract,2121-02-166,2121-02-166,No (Single CSJ),1,,El Paso,,,,0
171,Master Contract,6507-74-001,6507-74-001,No (Single CSJ),1,,Midland,,,,25000
172,Master Contract,6504-66-001,6504-66-001,No (Single CSJ),1,,Navarro,,,,1
173,Master Contract,0056-02-034,0056-02-034,Yes (8 Sub-CSJs),8,,Limestone,,,,8515419.89
174,Master Contract,0865-01-118,0865-01-118,Yes (2 Sub-CSJs),2,,Hidalgo,,,,631956.66
175,Master Contract,6506-24-001,6506-24-001,No (Single CSJ),1,,La Salle,,,,1268533.2
176,Master Contract,2266-02-169,2266-02-169,No (Single CSJ),1,,Tarrant,,,,5198453.23
177,Master Contract,6504-86-001,6504-86-001,No (Single CSJ),1,,Tom Green,,,,87120
178,Master Contract,6502-44-001,6502-44-001,No (Single CSJ),1,,Kaufman,,,,93820
179,Master Contract,6507-16-001,6507-16-001,No (Single CSJ),1,,Washington,,,,168000
180,Master Contract,6508-40-001,6508-40-001,No (Single CSJ),1,,Tom Green,,,,373411
181,Master Contract,6494-48-001,6494-48-001,No (Single CSJ),1,,De Witt,,,,522000
182,Master Contract,6507-29-001,6507-29-001,No (Single CSJ),1,,Polk,,,,352650
183,Master Contract,0143-10-058,0143-10-058,No (Single CSJ),1,,Victoria,,,,6552127.5
184,Master Contract,6509-60-001,6509-60-001,No (Single CSJ),1,,Eastland,,,,475384
185,Master Contract,6500-36-001,6500-36-001,No (Single CSJ),1,,Waller,,,,218566.1
186,Master Contract,3632-01-002,3632-01-002,No (Single CSJ),1,,Starr,,,,60647815.45
187,Master Contract,6508-59-001,6508-59-001,No (Single CSJ),1,,Kimble,,,,428413.75
188,Master Contract,0187-05-068,0187-05-068,Yes (6 Sub-CSJs),6,,Fort Bend,,,,2028830.34
189,Master Contract,6504-32-001,6504-32-001,No (Single CSJ),1,,Collin,,,,112500
