Record Type,Master CSJ,Project CSJ,Is Sub CSJ,Let Date,County,Highway,District,Project Type,Estimate ($),Sub CSJ Count
Master Contract,6506-98-001,6506-98-001,No (Parent),,Smith,,,,260372,0
Master Contract,0844-04-011,0844-04-011,No (Parent),,Collingsworth,,,,3287111.48,0
Master Contract,6504-65-001,6504-65-001,No (Parent),,Navarro,,,,1,0
Master Contract,6499-61-001,6499-61-001,No (Parent),,Montgomery,,,,727189.5,0
Master Contract,1352-01-025,1352-01-025,No (Parent),,Montague,,,,350000,0
Master Contract,1414-01-025,1414-01-025,No (Parent),,Galveston,,,,1394168.54,0
Master Contract,0001-01-075,0001-01-075,No (Parent),,El Paso,,,,3804564,0
Master Contract,6491-31-001,6491-31-001,No (Parent),,Liberty,,,,492586.8,0
Master Contract,6507-30-001,6507-30-001,No (Parent),,Walker,,,,82500,0
Master Contract,6509-63-001,6509-63-001,No (Parent),,Lubbock,,,,175000,0
Master Contract,6506-55-001,6506-55-001,No (Parent),,Grayson,,,,720196.8,0
Master Contract,0172-09-047,0172-09-047,No (Parent),,Tarrant,,,,3514144.18,0
Master Contract,6502-07-001,6502-07-001,No (Parent),,Navarro,,,,159700,0
Master Contract,6503-74-001,6503-74-001,No (Parent),,Nacogdoches,,,,687750,0
Master Contract,6506-32-001,6506-32-001,No (Parent),,Nacogdoches,,,,997023,0
Master Contract,6500-58-001,6500-58-001,No (Parent),,Webb,,,,6683574.77,0
Master Contract,6499-29-001,6499-29-001,No (Parent),,Eastland,,,,193258.05,0
Master Contract,6498-39-001,6498-39-001,No (Parent),,Henderson,,,,145344.4,0
Master Contract,0600-01-013,0600-01-013,No (Parent),,Ward,,,,6046052.12,0
Master Contract,6506-58-001,6506-58-001,No (Parent),,Tarrant,,,,153302.71,0
Master Contract,0086-07-038,0086-07-038,No (Parent),,Jim Hogg,,,,4069627.26,0
Master Contract,0915-11-037,0915-11-037,No (Parent),,Kendall,,,,523737.29,0
Master Contract,6507-00-001,6507-00-001,No (Parent),,Walker,,,,118400,0
Master Contract,0918-00-440,0918-00-440,No (Parent),,Dallas,,,,4451905,0
Master Contract,6503-36-001,6503-36-001,No (Parent),,Dallas,,,,165550,0
Master Contract,6509-58-001,6509-58-001,No (Parent),,Karnes,,,,855000,0
Master Contract,6503-45-001,6503-45-001,No (Parent),,Grayson,,,,589225,0
Master Contract,6503-37-001,6503-37-001,No (Parent),,Dallas,,,,247760,0
Master Contract,6502-56-001,6502-56-001,No (Parent),,Cameron,,,,1116965.14,0
Master Contract,6487-54-001,6487-54-001,No (Parent),,Jasper,,,,897329.5,0
Master Contract,6504-28-001,6504-28-001,No (Parent),,Hale,,,,505439.5,0
Master Contract,6503-56-001,6503-56-001,No (Parent),,Angelina,,,,297986,0
Master Contract,6502-74-001,6502-74-001,No (Parent),,Ellis,,,,657100,0
Master Contract,6505-03-001,6505-03-001,No (Parent),,Hopkins,,,,529638.88,0
Master Contract,1911-01-023,1911-01-023,No (Parent),,Galveston,,,,3375346.25,0
Master Contract,0549-02-038,0549-02-038,No (Parent),,Fannin,,,,1829363.32,0
Master Contract,6508-57-001,6508-57-001,No (Parent),,Tom Green,,,,308175,0
Master Contract,6507-87-001,6507-87-001,No (Parent),,Grayson,,,,979875,0
Master Contract,6507-18-001,6507-18-001,No (Parent),,Walker,,,,153600,0
Master Contract,6501-45-001,6501-45-001,No (Parent),,Collin,,,,127342,0
Master Contract,0331-04-074,0331-04-074,No (Parent),,Cameron,,,,89950.48,0
Master Contract,0051-09-127,0051-09-127,No (Parent),,Galveston,,,,2179545.8,0
Master Contract,0143-10-058,0143-10-058,No (Parent),,Victoria,,,,6552127.5,0
Master Contract,6494-80-001,6494-80-001,No (Parent),,Navarro,,,,58180,0
Master Contract,6499-80-001,6499-80-001,No (Parent),,Aransas,,,,274987.5,0
Master Contract,6508-58-001,6508-58-001,No (Parent),,Tom Green,,,,210560,0
Master Contract,0722-03-016,0722-03-016,No (Parent),,Red River,,,,1707256.67,0
Master Contract,6506-28-001,6506-28-001,No (Parent),,Lamar,,,,503823.4,0
Master Contract,6503-46-001,6503-46-001,No (Parent),,Dallas,,,,273000,0
Master Contract,6503-06-001,6503-06-001,No (Parent),,Kaufman,,,,575225,0
Master Contract,0921-02-526,0921-02-526,No (Parent),,Hidalgo,,,,230687.93,0
Master Contract,0427-01-042,0427-01-042,No (Parent),,Red River,,,,1783455.25,0
Master Contract,6503-65-001,6503-65-001,No (Parent),,Houston,,,,241625,0
Master Contract,6508-83-001,6508-83-001,No (Parent),,Wichita,,,,580851.12,0
Master Contract,6480-09-001,6480-09-001,No (Parent),,Potter,,,,1800640,0
Master Contract,0047-06-178,0047-06-178,No (Parent),,Collin,,,,3140076.5,0
Master Contract,6507-17-001,6507-17-001,No (Parent),,Freestone,,,,108800,0
Master Contract,6504-26-001,6504-26-001,No (Parent),,Terry,,,,471418,0
Master Contract,6505-01-001,6505-01-001,No (Parent),,Grayson,,,,179521.04,0
Master Contract,6502-16-001,6502-16-001,No (Parent),,Kaufman,,,,504850,0
Master Contract,6506-61-001,6506-61-001,No (Parent),,Stonewall,,,,340995.75,0
Master Contract,0221-09-039,0221-09-039,No (Parent),,Titus,,,,1181335.97,0
Master Contract,6507-32-001,6507-32-001,No (Parent),,Washington,,,,138120,0
Master Contract,0873-01-029,0873-01-029,No (Parent),,Cameron,,,,3532550.65,0
Master Contract,6502-53-001,6502-53-001,No (Parent),,Navarro,,,,265870,0
Master Contract,6501-91-001,6501-91-001,No (Parent),,Fort Bend,,,,832244.25,0
Master Contract,6505-47-001,6505-47-001,No (Parent),,Upton,,,,271612.5,0
Master Contract,6505-59-001,6505-59-001,No (Parent),,Tarrant,,,,467943.89,0
Master Contract,6486-78-001,6486-78-001,No (Parent),,Dallas,,,,1,0
Master Contract,1505-01-016,1505-01-016,No (Parent),,Cameron,,,,11236733.53,0
Master Contract,6494-58-001,6494-58-001,No (Parent),,Fort Bend,,,,532900,0
Master Contract,6503-47-001,6503-47-001,No (Parent),,Dallas,,,,351250,0
Master Contract,6506-17-001,6506-17-001,No (Parent),,Hunt,,,,235378.92,0
Master Contract,1479-01-028,1479-01-028,No (Parent),,Bexar,,,,4058576.49,0
Master Contract,6504-01-001,6504-01-001,No (Parent),,Colorado,,,,668720,0
Master Contract,1801-01-064,1801-01-064,No (Parent),,Cameron,,,,464860.04,0
Master Contract,6502-47-001,6502-47-001,No (Parent),,Madison,,,,345038.5,0
Master Contract,6507-63-001,6507-63-001,No (Parent),,Harris,,,,285800.28,0
Master Contract,6501-50-001,6501-50-001,No (Parent),,Jefferson,,,,533742,0
Master Contract,0901-19-198,0901-19-198,No (Parent),,Grayson,,,,2504656.39,0
Master Contract,6508-22-001,6508-22-001,No (Parent),,Tom Green,,,,372480,0
Master Contract,0043-17-036,0043-17-036,No (Parent),,Wichita,,,,1188329,0
Master Contract,6504-27-001,6504-27-001,No (Parent),,Lamb,,,,800860.2,0
Master Contract,6507-28-001,6507-28-001,No (Parent),,Shelby,,,,233650,0
Master Contract,6496-53-001,6496-53-001,No (Parent),,Hays,,,,2112600,0
Master Contract,6506-60-001,6506-60-001,No (Parent),,Taylor,,,,277174.5,0
Master Contract,6508-89-001,6508-89-001,No (Parent),,San Patricio,,,,287100,0
Master Contract,6506-45-001,6506-45-001,No (Parent),,Cameron,,,,614804,0
Master Contract,6507-48-001,6507-48-001,No (Parent),,Bowie,,,,690850,0
Master Contract,6507-70-001,6507-70-001,No (Parent),,Deaf Smith,,,,648338.5,0
Master Contract,0028-05-057,0028-05-057,No (Parent),,Liberty,,,,12430020.6,0
Master Contract,6506-39-001,6506-39-001,No (Parent),,Culberson,,,,59670,0
Master Contract,6504-84-001,6504-84-001,No (Parent),,Tom Green,,,,537511.22,0
Master Contract,6504-81-001,6504-81-001,No (Parent),,El Paso,,,,1625640,0
Master Contract,6505-17-001,6505-17-001,No (Parent),,Travis,,,,1541660.5,0
Master Contract,6503-17-001,6503-17-001,No (Parent),,Kaufman,,,,462962.5,0
Master Contract,6502-42-001,6502-42-001,No (Parent),,Kaufman,,,,266150,0
Master Contract,0275-03-072,0275-03-072,No (Parent),,Carson,,,,10704179.35,0
Master Contract,6502-15-001,6502-15-001,No (Parent),,Denton,,,,52000,0
Master Contract,0181-01-071,0181-01-071,No (Parent),,Taylor,,,,307957.6,0
Master Contract,6509-07-001,6509-07-001,No (Parent),,Grayson,,,,542915.5,0
Master Contract,6508-03-001,6508-03-001,No (Parent),,Panola,,,,651828.02,0
Master Contract,0110-06-151,0110-06-151,No (Parent),,Harris,,,,1284248.1,0
Master Contract,6501-05-001,6501-05-001,No (Parent),,Tom Green,,,,1329347,0
Master Contract,0068-05-039,0068-05-039,No (Parent),,Dawson,,,,4420417.03,0
Master Contract,0902-39-050,0902-39-050,No (Parent),,Palo Pinto,,,,515079.4,0
Master Contract,0903-28-073,0903-28-073,No (Parent),,Montague,,,,3059363.99,0
Master Contract,6507-75-001,6507-75-001,No (Parent),,Pecos,,,,30000,0
Master Contract,6501-34-001,6501-34-001,No (Parent),,Ellis,,,,474779,0
Master Contract,0865-01-118,0865-01-118,No (Parent),,Hidalgo,,,,631956.66,0
Master Contract,0573-02-008,0573-02-008,No (Parent),,Caldwell,,,,5431676.47,0
Master Contract,6484-49-001,6484-49-001,No (Parent),,Travis,,,,778586.96,0
Master Contract,6506-25-001,6506-25-001,No (Parent),,Duval,,,,186870,0
Master Contract,6503-34-001,6503-34-001,No (Parent),,Dallas,,,,381100,0
Master Contract,6499-77-001,6499-77-001,No (Parent),,Nueces,,,,175607.5,0
Master Contract,0976-03-120,0976-03-120,No (Parent),,Galveston,,,,474314.6,0
Master Contract,6509-94-001,6509-94-001,No (Parent),,Ward,,,,220000,0
Master Contract,6501-92-001,6501-92-001,No (Parent),,Denton,,,,215570,0
Master Contract,0173-04-063,0173-04-063,No (Parent),,Kaufman,,,,949220.25,0
Master Contract,6508-96-001,6508-96-001,No (Parent),,Hopkins,,,,197610.4,0
Master Contract,6507-78-001,6507-78-001,No (Parent),,Midland,,,,528050,0
Master Contract,6504-85-001,6504-85-001,No (Parent),,Reagan,,,,216000,0
Master Contract,6500-91-001,6500-91-001,No (Parent),,Fayette,,,,1182215.39,0
Master Contract,6497-17-001,6497-17-001,No (Parent),,Cameron,,,,521286,0
Master Contract,6502-03-001,6502-03-001,No (Parent),,Palo Pinto,,,,1204220,0
Master Contract,6499-40-001,6499-40-001,No (Parent),,Crane,,,,298020,0
Master Contract,0101-01-070,0101-01-070,No (Parent),,Bee,,,,1470996.52,0
Master Contract,6507-77-001,6507-77-001,No (Parent),,Ector,,,,458400,0
Master Contract,6496-87-001,6496-87-001,No (Parent),,Dallas,,,,399840,0
Master Contract,6492-74-001,6492-74-001,No (Parent),,Taylor,,,,937100,0
Master Contract,0913-09-134,0913-09-134,No (Parent),,Wharton,,,,2343467.75,0
Master Contract,6503-35-001,6503-35-001,No (Parent),,Dallas,,,,270375,0
Master Contract,0228-05-072,0228-05-072,No (Parent),,Andrews,,,,18619756.05,0
Master Contract,6509-65-001,6509-65-001,No (Parent),,Lubbock,,,,180500,0
Master Contract,6502-06-001,6502-06-001,No (Parent),,Navarro,,,,70000,0
Master Contract,6503-05-001,6503-05-001,No (Parent),,Collin,,,,907550,0
Master Contract,6506-19-001,6506-19-001,No (Parent),,Brewster,,,,232925,0
Master Contract,6508-35-001,6508-35-001,No (Parent),,San Saba,,,,96120,0
Master Contract,6500-62-001,6500-62-001,No (Parent),,Comanche,,,,984194.9,0
Master Contract,6502-08-001,6502-08-001,No (Parent),,Kaufman,,,,425075,0
Master Contract,6510-24-001,6510-24-001,No (Parent),,Crosby,,,,689620,0
Master Contract,6500-50-001,6500-50-001,No (Parent),,Ellis,,,,1612410.27,0
Master Contract,6509-97-001,6509-97-001,No (Parent),,Caldwell,,,,200000,0
Master Contract,6505-02-001,6505-02-001,No (Parent),,Hopkins,,,,130930,0
Master Contract,0902-00-368,0902-00-368,No (Parent),,Parker,,,,4975541.1,0
Master Contract,0917-31-036,0917-31-036,No (Parent),,Madison,,,,1040840.1,0
Master Contract,0276-04-033,0276-04-033,No (Parent),,Zavala,,,,8562314.29,0
Master Contract,6501-04-001,6501-04-001,No (Parent),,Kimble,,,,533850,0
Master Contract,6506-99-001,6506-99-001,No (Parent),,Washington,,,,88800,0
Master Contract,6506-01-001,6506-01-001,No (Parent),,Hudspeth,,,,59670,0
Master Contract,6502-14-001,6502-14-001,No (Parent),,Denton,,,,156060,0
Master Contract,6506-63-001,6506-63-001,No (Parent),,Scurry,,,,67939,0
Master Contract,0039-10-095,0039-10-095,No (Parent),,Cameron,,,,4670785.3,0
Master Contract,6508-87-001,6508-87-001,No (Parent),,Tarrant,,,,88170,0
Master Contract,6499-28-001,6499-28-001,No (Parent),,Williamson,,,,965582.5,0
Master Contract,6506-62-001,6506-62-001,No (Parent),,Callahan,,,,90550,0
Master Contract,6498-35-001,6498-35-001,No (Parent),,Collin,,,,71867,0
Master Contract,6506-37-001,6506-37-001,No (Parent),,Orange,,,,217790,0
Master Contract,0185-01-046,0185-01-046,No (Parent),,Bell,,,,4616515.51,0
Master Contract,6509-24-001,6509-24-001,No (Parent),,Haskell,,,,2570698.5,0
Master Contract,2121-02-166,2121-02-166,No (Parent),,El Paso,,,,0,0
Master Contract,6504-69-001,6504-69-001,No (Parent),,Wood,,,,967500,0
Master Contract,0050-09-099,0050-09-099,No (Parent),,Harris,,,,4823008.54,0
Master Contract,6508-21-001,6508-21-001,No (Parent),,Comanche,,,,437112,0
Master Contract,6507-73-001,6507-73-001,No (Parent),,Ector,,,,25000,0
Master Contract,6500-89-001,6500-89-001,No (Parent),,Lavaca,,,,275604,0
Master Contract,0337-03-020,0337-03-020,No (Parent),,Williamson,,,,2537276.2,0
Master Contract,6498-20-001,6498-20-001,No (Parent),,Travis,,,,908690.5,0
Master Contract,6503-98-001,6503-98-001,No (Parent),,Hunt,,,,348800,0
Master Contract,6507-74-001,6507-74-001,No (Parent),,Midland,,,,25000,0
Master Contract,6504-66-001,6504-66-001,No (Parent),,Navarro,,,,1,0
Master Contract,6506-24-001,6506-24-001,No (Parent),,La Salle,,,,1268533.2,0
Master Contract,0056-02-034,0056-02-034,No (Parent),,Limestone,,,,8515419.89,0
Master Contract,6504-86-001,6504-86-001,No (Parent),,Tom Green,,,,87120,0
Master Contract,2266-02-169,2266-02-169,No (Parent),,Tarrant,,,,5198453.23,0
Master Contract,6496-52-001,6496-52-001,No (Parent),,Blanco,,,,2782000,0
Master Contract,6502-44-001,6502-44-001,No (Parent),,Kaufman,,,,93820,0
Master Contract,6507-16-001,6507-16-001,No (Parent),,Washington,,,,168000,0
Master Contract,6508-40-001,6508-40-001,No (Parent),,Tom Green,,,,373411,0
Master Contract,6494-48-001,6494-48-001,No (Parent),,De Witt,,,,522000,0
Master Contract,6509-23-001,6509-23-001,No (Parent),,Refugio,,,,298000,0
Master Contract,6507-29-001,6507-29-001,No (Parent),,Polk,,,,352650,0
Master Contract,6509-60-001,6509-60-001,No (Parent),,Eastland,,,,475384,0
Master Contract,6500-36-001,6500-36-001,No (Parent),,Waller,,,,218566.1,0
Master Contract,3632-01-002,3632-01-002,No (Parent),,Starr,,,,60647815.45,0
Master Contract,6508-59-001,6508-59-001,No (Parent),,Kimble,,,,428413.75,0
Master Contract,0187-05-068,0187-05-068,No (Parent),,Fort Bend,,,,2028830.34,0
Master Contract,6504-32-001,6504-32-001,No (Parent),,Collin,,,,112500,0
