"Month","Master Index","Record Type","Master (Parent) CSJ","Individual Project CSJ","Has Multi-CSJs?","Sub-CSJ Count","Let Date","County","Highway","District","Project Type","Estimate ($)"
"2026-08","1","Master Contract","0132-03-036","0132-03-036","Yes (2 Sub-CSJs)","2",,"King",,,,"27289982.3"
"2026-08",,"Sub-CSJ Project","0132-03-036","0133-01-055","Sub-CSJ of 0132-03-036","Sub-CSJ #2",,"King",,,,".00"
"2026-08","2","Master Contract","0018-05-089","0018-05-089","No (Single CSJ)","1",,"Webb",,,,"226858175.99"
"2026-08","3","Master Contract","0902-38-134","0902-38-134","No (Single CSJ)","1",,"Parker",,,,"1806940.8"
"2026-08","4","Master Contract","3510-04-070","3510-04-070","Yes (2 Sub-CSJs)","2",,"Fort Bend",,,,"31713551.79"
"2026-08",,"Sub-CSJ Project","3510-04-070","3510-04-072","Sub-CSJ of 3510-04-070","Sub-CSJ #2",,"Fort Bend",,,,".00"
"2026-08","5","Master Contract","6505-50-001","6505-50-001","No (Single CSJ)","1",,"Hemphill",,,,"1656120"
"2026-08","6","Master Contract","1685-05-140","1685-05-140","No (Single CSJ)","1",,"Harris",,,,"2203492.8"
"2026-08","7","Master Contract","6506-23-001","6506-23-001","No (Single CSJ)","1",,"Grayson",,,,"1954944"
"2026-08","8","Master Contract","0081-01-053","0081-01-053","No (Single CSJ)","1",,"Tarrant",,,,"1581478.34"
"2026-08","9","Master Contract","0922-00-080","0922-00-080","No (Single CSJ)","1",,"Webb",,,,"2168274.2"
"2026-08","10","Master Contract","0920-39-033","0920-39-033","No (Single CSJ)","1",,"Chambers",,,,"1431058"
"2026-08","11","Master Contract","0168-03-038","0168-03-038","No (Single CSJ)","1",,"Parmer",,,,"10053818.59"
"2026-08","12","Master Contract","0901-21-022","0901-21-022","No (Single CSJ)","1",,"Franklin",,,,"1535801.14"
"2026-08","13","Master Contract","6505-55-001","6505-55-001","No (Single CSJ)","1",,"Hutchinson",,,,"4090043.45"
"2026-08","14","Master Contract","1756-01-024","1756-01-024","No (Single CSJ)","1",,"Jackson",,,,"935446.45"
"2026-08","15","Master Contract","1586-01-085","1586-01-085","No (Single CSJ)","1",,"Hidalgo",,,,"6597423.3"
"2026-08","16","Master Contract","6508-00-001","6508-00-001","No (Single CSJ)","1",,"Limestone",,,,"42318.72"
"2026-08","17","Master Contract","6497-17-001","6497-17-001","No (Single CSJ)","1",,"Cameron",,,,"521286"
"2026-08","18","Master Contract","0909-00-074","0909-00-074","No (Single CSJ)","1",,"Mclennan",,,,"1849456.42"
"2026-08","19","Master Contract","0025-02-234","0025-02-234","Yes (2 Sub-CSJs)","2",,"Bexar",,,,"10408179.05"
"2026-08",,"Sub-CSJ Project","0025-02-234","0521-06-175","Sub-CSJ of 0025-02-234","Sub-CSJ #2",,"Bexar",,,,".00"
"2026-08","20","Master Contract","0276-07-035","0276-07-035","No (Single CSJ)","1",,"Frio",,,,"8663166.47"
"2026-08","21","Master Contract","1023-01-039","1023-01-039","Yes (2 Sub-CSJs)","2",,"Chambers",,,,"2493248.19"
"2026-08",,"Sub-CSJ Project","1023-01-039","1023-01-040","Sub-CSJ of 1023-01-039","Sub-CSJ #2",,"Chambers",,,,".00"
"2026-08","22","Master Contract","0991-02-014","0991-02-014","No (Single CSJ)","1",,"Karnes",,,,"9367704.15"
"2026-08","23","Master Contract","3534-01-021","3534-01-021","No (Single CSJ)","1",,"Bell",,,,"4466139.97"
"2026-08","24","Master Contract","6496-92-001","6496-92-001","No (Single CSJ)","1",,"Cooke",,,,"1042851.17"
"2026-08","25","Master Contract","6505-48-001","6505-48-001","No (Single CSJ)","1",,"Cameron",,,,"7033325"
"2026-08","26","Master Contract","0140-13-023","0140-13-023","No (Single CSJ)","1",,"Crockett",,,,"19998294.7"
"2026-08","27","Master Contract","6505-38-001","6505-38-001","No (Single CSJ)","1",,"Moore",,,,"1055080"
"2026-08","28","Master Contract","1197-01-027","1197-01-027","No (Single CSJ)","1",,"Hays",,,,"3130181.38"
"2026-08","29","Master Contract","0186-03-071","0186-03-071","Yes (2 Sub-CSJs)","2",,"Burleson",,,,"5320688.55"
"2026-08",,"Sub-CSJ Project","0186-03-071","0116-02-049","Sub-CSJ of 0186-03-071","Sub-CSJ #2",,"Burleson",,,,".00"
"2026-08","30","Master Contract","0027-08-147","0027-08-147","No (Single CSJ)","1",,"Fort Bend",,,,"52496966.16"
"2026-08","31","Master Contract","6509-55-001","6509-55-001","No (Single CSJ)","1",,"Hidalgo",,,,"115902"
"2026-08","32","Master Contract","6507-89-001","6507-89-001","No (Single CSJ)","1",,"Mclennan",,,,"58558.27"
"2026-08","33","Master Contract","6505-41-001","6505-41-001","No (Single CSJ)","1",,"Hansford",,,,"1226016"
"2026-08","34","Master Contract","6507-92-001","6507-92-001","No (Single CSJ)","1",,"Hill",,,,"17280"
"2026-08","35","Master Contract","0013-05-046","0013-05-046","No (Single CSJ)","1",,"Montague",,,,"15521039.92"
"2026-08","36","Master Contract","0902-90-283","0902-90-283","No (Single CSJ)","1",,"Tarrant",,,,"1142056.28"
"2026-08","37","Master Contract","0114-10-102","0114-10-102","No (Single CSJ)","1",,"Washington",,,,"4214218.54"
"2026-08","38","Master Contract","0092-06-111","0092-06-111","Yes (3 Sub-CSJs)","3",,"Navarro",,,,"6654791.38"
"2026-08",,"Sub-CSJ Project","0092-06-111","0093-01-108","Sub-CSJ of 0092-06-111","Sub-CSJ #2",,"Navarro",,,,".00"
"2026-08",,"Sub-CSJ Project","0092-06-111","0166-01-060","Sub-CSJ of 0092-06-111","Sub-CSJ #3",,"Navarro",,,,".00"
"2026-08","39","Master Contract","0276-01-044","0276-01-044","No (Single CSJ)","1",,"Maverick",,,,"11559333.07"
"2026-08","40","Master Contract","6507-91-001","6507-91-001","No (Single CSJ)","1",,"Hill",,,,"21658.12"
"2026-08","41","Master Contract","0327-08-109","0327-08-109","No (Single CSJ)","1",,"Cameron",,,,"224192"
"2026-08","42","Master Contract","0902-90-286","0902-90-286","No (Single CSJ)","1",,"Tarrant",,,,"563798.23"
"2026-08","43","Master Contract","6505-22-001","6505-22-001","No (Single CSJ)","1",,"Eastland",,,,"3216450.08"
"2026-08","44","Master Contract","6505-51-001","6505-51-001","No (Single CSJ)","1",,"Moore",,,,"833063"
"2026-08","45","Master Contract","6507-99-001","6507-99-001","No (Single CSJ)","1",,"Limestone",,,,"18352.81"
"2026-08","46","Master Contract","6508-41-001","6508-41-001","No (Single CSJ)","1",,"San Patricio",,,,"26858.64"
"2026-08","47","Master Contract","0918-47-401","0918-47-401","No (Single CSJ)","1",,"Dallas",,,,"2806537.86"
"2026-08","48","Master Contract","2635-05-005","2635-05-005","No (Single CSJ)","1",,"Randall",,,,"50287231.93"
"2026-08","49","Master Contract","0915-12-820","0915-12-820","No (Single CSJ)","1",,"Bexar",,,,"1308517.53"
"2026-08","50","Master Contract","6501-08-001","6501-08-001","No (Single CSJ)","1",,"Tarrant",,,,"3755208.85"
"2026-08","51","Master Contract","0014-15-034","0014-15-034","Yes (5 Sub-CSJs)","5",,"Tarrant",,,,"74343261.75"
"2026-08",,"Sub-CSJ Project","0014-15-034","0902-48-579","Sub-CSJ of 0014-15-034","Sub-CSJ #2",,"Tarrant",,,,".00"
"2026-08",,"Sub-CSJ Project","0014-15-034","0014-15-036","Sub-CSJ of 0014-15-034","Sub-CSJ #3",,"Tarrant",,,,".00"
"2026-08",,"Sub-CSJ Project","0014-15-034","0014-15-035","Sub-CSJ of 0014-15-034","Sub-CSJ #4",,"Tarrant",,,,".00"
"2026-08",,"Sub-CSJ Project","0014-15-034","0014-15-033","Sub-CSJ of 0014-15-034","Sub-CSJ #5",,"Tarrant",,,,".00"
"2026-08","52","Master Contract","6508-01-001","6508-01-001","No (Single CSJ)","1",,"Limestone",,,,"75155.2"
"2026-08","53","Master Contract","6508-39-001","6508-39-001","No (Single CSJ)","1",,"Jim Wells",,,,"55910.6"
"2026-08","54","Master Contract","6500-51-001","6500-51-001","No (Single CSJ)","1",,"Webb",,,,"1937680.5"
"2026-08","55","Master Contract","0204-06-069","0204-06-069","No (Single CSJ)","1",,"Milam",,,,"394845.83"
"2026-08","56","Master Contract","3510-04-069","3510-04-069","Yes (2 Sub-CSJs)","2",,"Fort Bend",,,,"42352205.94"
"2026-08",,"Sub-CSJ Project","3510-04-069","3510-04-071","Sub-CSJ of 3510-04-069","Sub-CSJ #2",,"Fort Bend",,,,".00"
"2026-08","57","Master Contract","0914-00-581","0914-00-581","No (Single CSJ)","1",,"Travis",,,,"316715"
"2026-08","58","Master Contract","6501-56-001","6501-56-001","No (Single CSJ)","1",,"Bowie",,,,"3544140"
"2026-08","59","Master Contract","6503-26-001","6503-26-001","No (Single CSJ)","1",,"Brazos",,,,"1123615"
"2026-08","60","Master Contract","6504-80-001","6504-80-001","No (Single CSJ)","1",,"El Paso",,,,"2430000"
"2026-08","61","Master Contract","6499-56-001","6499-56-001","No (Single CSJ)","1",,"Angelina",,,,"925727"
"2026-08","62","Master Contract","0041-07-121","0041-07-121","Yes (2 Sub-CSJs)","2",,"Potter",,,,"31174130.4"
"2026-08",,"Sub-CSJ Project","0041-07-121","0041-07-123","Sub-CSJ of 0041-07-121","Sub-CSJ #2",,"Potter",,,,".00"
"2026-08","63","Master Contract","0089-07-166","0089-07-166","No (Single CSJ)","1",,"Wharton",,,,"241162764.9"
"2026-08","64","Master Contract","6505-52-001","6505-52-001","No (Single CSJ)","1",,"Dallam",,,,"1168566.5"
"2026-08","65","Master Contract","0013-08-154","0013-08-154","No (Single CSJ)","1",,"Wise",,,,"1221713.62"
"2026-08","66","Master Contract","0441-09-054","0441-09-054","No (Single CSJ)","1",,"Reeves",,,,"21197037.88"
"2026-08","67","Master Contract","6496-31-001","6496-31-001","No (Single CSJ)","1",,"Bell",,,,"1644862.51"
"2026-08","68","Master Contract","0027-10-074","0027-10-074","No (Single CSJ)","1",,"Harris",,,,"1782087.46"
"2026-08","69","Master Contract","0222-03-065","0222-03-065","No (Single CSJ)","1",,"Morris",,,,"11759396.31"
"2026-08","70","Master Contract","2158-01-020","2158-01-020","Yes (2 Sub-CSJs)","2",,"Gregg",,,,"19466265.25"
"2026-08",,"Sub-CSJ Project","2158-01-020","2158-01-028","Sub-CSJ of 2158-01-020","Sub-CSJ #2",,"Gregg",,,,".00"
"2026-08","71","Master Contract","6497-47-001","6497-47-001","No (Single CSJ)","1",,"Harris",,,,"1755655.1"
"2026-08","72","Master Contract","0249-08-046","0249-08-046","No (Single CSJ)","1",,"Palo Pinto",,,,"253842.6"
"2026-08","73","Master Contract","0907-00-239","0907-00-239","Yes (2 Sub-CSJs)","2",,"Tom Green",,,,"579255.4"
"2026-08",,"Sub-CSJ Project","0907-00-239","0907-00-240","Sub-CSJ of 0907-00-239","Sub-CSJ #2",,"Tom Green",,,,".00"
"2026-08","74","Master Contract","0902-00-336","0902-00-336","No (Single CSJ)","1",,"Tarrant",,,,"2655169"
"2026-08","75","Master Contract","0917-16-040","0917-16-040","Yes (4 Sub-CSJs)","4",,"Leon",,,,"2078039.5"
"2026-08",,"Sub-CSJ Project","0917-16-040","0917-16-044","Sub-CSJ of 0917-16-040","Sub-CSJ #2",,"Leon",,,,".00"
"2026-08",,"Sub-CSJ Project","0917-16-040","0917-16-041","Sub-CSJ of 0917-16-040","Sub-CSJ #3",,"Leon",,,,".00"
"2026-08",,"Sub-CSJ Project","0917-16-040","0917-16-042","Sub-CSJ of 0917-16-040","Sub-CSJ #4",,"Leon",,,,".00"
"2026-08","76","Master Contract","0037-02-060","0037-02-060","No (Single CSJ)","1",,"Zavala",,,,"17896171.15"
"2026-08","77","Master Contract","6500-92-001","6500-92-001","No (Single CSJ)","1",,"Coryell",,,,"3504595.67"
"2026-08","78","Master Contract","0911-00-161","0911-00-161","No (Single CSJ)","1",,"Angelina",,,,"666100"
"2026-08","79","Master Contract","0047-03-106","0047-03-106","No (Single CSJ)","1",,"Grayson",,,,"1185228.2"
"2026-08","80","Master Contract","6504-94-001","6504-94-001","No (Single CSJ)","1",,"Live Oak",,,,"2430921.95"
"2026-08","81","Master Contract","0919-00-098","0919-00-098","No (Single CSJ)","1",,"Cass",,,,"164050"
"2026-08","82","Master Contract","6505-46-001","6505-46-001","No (Single CSJ)","1",,"Austin",,,,"7033125"
"2026-08","83","Master Contract","0050-06-108","0050-06-108","No (Single CSJ)","1",,"Harris",,,,"1357254.35"
"2026-08","84","Master Contract","6489-35-001","6489-35-001","No (Single CSJ)","1",,"Ellis",,,,"1809328.3"
"2026-08","85","Master Contract","6507-98-001","6507-98-001","No (Single CSJ)","1",,"Limestone",,,,"11388.24"
"2026-08","86","Master Contract","0920-00-168","0920-00-168","No (Single CSJ)","1",,"Jefferson",,,,"2290289.81"
"2026-08","87","Master Contract","6488-31-001","6488-31-001","No (Single CSJ)","1",,"Jasper",,,,"2126165.06"
"2026-08","88","Master Contract","0911-28-082","0911-28-082","No (Single CSJ)","1",,"Houston",,,,"2474314.4"
"2026-08","89","Master Contract","6507-93-001","6507-93-001","No (Single CSJ)","1",,"Hill",,,,"78540"
"2026-08","90","Master Contract","0320-05-018","0320-05-018","No (Single CSJ)","1",,"Bell",,,,"536405.82"
"2026-08","91","Master Contract","0901-29-100","0901-29-100","Yes (2 Sub-CSJs)","2",,"Lamar",,,,"815967.16"
"2026-08",,"Sub-CSJ Project","0901-29-100","0901-32-117","Sub-CSJ of 0901-29-100","Sub-CSJ #2",,"Lamar",,,,".00"
"2026-08","92","Master Contract","0252-03-056","0252-03-056","No (Single CSJ)","1",,"Blanco",,,,"2495198.94"
"2026-08","93","Master Contract","6506-75-001","6506-75-001","No (Single CSJ)","1",,"Panola",,,,"20628.59"
"2026-08","94","Master Contract","0254-01-149","0254-01-149","No (Single CSJ)","1",,"Live Oak",,,,"10519557.65"
"2026-08","95","Master Contract","0173-04-059","0173-04-059","No (Single CSJ)","1",,"Kaufman",,,,"7199789.52"
"2026-08","96","Master Contract","6507-55-001","6507-55-001","No (Single CSJ)","1",,"Kerr",,,,"1718660.95"
"2026-08","97","Master Contract","0902-20-238","0902-20-238","No (Single CSJ)","1",,"Wise",,,,"854301.5"
"2026-08","98","Master Contract","0784-02-011","0784-02-011","Yes (2 Sub-CSJs)","2",,"Jasper",,,,"3763963.81"
"2026-08",,"Sub-CSJ Project","0784-02-011","0784-03-020","Sub-CSJ of 0784-02-011","Sub-CSJ #2",,"Jasper",,,,".00"
"2026-08","99","Master Contract","0150-02-043","0150-02-043","No (Single CSJ)","1",,"Llano",,,,"2487668.03"
"2026-08","100","Master Contract","0051-09-128","0051-09-128","No (Single CSJ)","1",,"Galveston",,,,"2897520.6"
"2026-08","101","Master Contract","0914-18-130","0914-18-130","No (Single CSJ)","1",,"Bastrop",,,,"355991.98"
"2026-08","102","Master Contract","6497-80-001","6497-80-001","No (Single CSJ)","1",,"Nacogdoches",,,,"672888"
"2026-08","103","Master Contract","1228-03-052","1228-03-052","No (Single CSJ)","1",,"Hidalgo",,,,"648520.91"
"2026-08","104","Master Contract","0092-06-112","0092-06-112","No (Single CSJ)","1",,"Navarro",,,,"641135.01"
"2026-08","105","Master Contract","0237-06-054","0237-06-054","Yes (2 Sub-CSJs)","2",,"Duval",,,,"970872.55"
"2026-08",,"Sub-CSJ Project","0237-06-054","1982-01-031","Sub-CSJ of 0237-06-054","Sub-CSJ #2",,"Duval",,,,".00"
"2026-08","106","Master Contract","0920-39-028","0920-39-028","No (Single CSJ)","1",,"Chambers",,,,"734197.1"
"2026-08","107","Master Contract","0906-32-067","0906-32-067","No (Single CSJ)","1",,"Midland",,,,"2157806.94"
"2026-08","108","Master Contract","0014-03-103","0014-03-103","No (Single CSJ)","1",,"Johnson",,,,"3991946.4"
"2026-08","109","Master Contract","6509-60-001","6509-60-001","No (Single CSJ)","1",,"Eastland",,,,"475384"
"2026-08","110","Master Contract","0902-00-323","0902-00-323","No (Single CSJ)","1",,"Tarrant",,,,"1389510.9"
"2026-08","111","Master Contract","0083-02-060","0083-02-060","No (Single CSJ)","1",,"Hopkins",,,,"78448"
"2026-08","112","Master Contract","6507-90-001","6507-90-001","No (Single CSJ)","1",,"Mclennan",,,,"215440.64"
"2026-08","113","Master Contract","0114-02-112","0114-02-112","Yes (5 Sub-CSJs)","5",,"Travis",,,,"7928494.05"
"2026-08",,"Sub-CSJ Project","0114-02-112","0114-02-120","Sub-CSJ of 0114-02-112","Sub-CSJ #2",,"Travis",,,,".00"
"2026-08",,"Sub-CSJ Project","0114-02-112","0114-02-116","Sub-CSJ of 0114-02-112","Sub-CSJ #3",,"Travis",,,,".00"
"2026-08",,"Sub-CSJ Project","0114-02-112","0114-02-111","Sub-CSJ of 0114-02-112","Sub-CSJ #4",,"Travis",,,,".00"
"2026-08",,"Sub-CSJ Project","0114-02-112","0114-02-115","Sub-CSJ of 0114-02-112","Sub-CSJ #5",,"Travis",,,,".00"
"2026-08","114","Master Contract","0208-01-026","0208-01-026","No (Single CSJ)","1",,"Harrison",,,,"3307700.41"
"2026-08","115","Master Contract","0050-05-071","0050-05-071","Yes (8 Sub-CSJs)","8",,"Waller",,,,"4454020.25"
"2026-08",,"Sub-CSJ Project","0050-05-071","1812-01-024","Sub-CSJ of 0050-05-071","Sub-CSJ #2",,"Waller",,,,".00"
"2026-08",,"Sub-CSJ Project","0050-05-071","0028-01-109","Sub-CSJ of 0050-05-071","Sub-CSJ #3",,"Waller",,,,".00"
"2026-08",,"Sub-CSJ Project","0050-05-071","0050-06-106","Sub-CSJ of 0050-05-071","Sub-CSJ #4",,"Waller",,,,".00"
"2026-08",,"Sub-CSJ Project","0050-05-071","3158-01-047","Sub-CSJ of 0050-05-071","Sub-CSJ #5",,"Waller",,,,".00"
"2026-08",,"Sub-CSJ Project","0050-05-071","3538-01-064","Sub-CSJ of 0050-05-071","Sub-CSJ #6",,"Waller",,,,".00"
"2026-08",,"Sub-CSJ Project","0050-05-071","3538-01-063","Sub-CSJ of 0050-05-071","Sub-CSJ #7",,"Waller",,,,".00"
"2026-08",,"Sub-CSJ Project","0050-05-071","0720-02-105","Sub-CSJ of 0050-05-071","Sub-CSJ #8",,"Waller",,,,".00"
"2026-08","116","Master Contract","6507-94-001","6507-94-001","No (Single CSJ)","1",,"Falls",,,,"22717.68"
"2026-08","117","Master Contract","6487-45-001","6487-45-001","No (Single CSJ)","1",,"Hays",,,,"1745379.05"
"2026-08","118","Master Contract","0389-02-061","0389-02-061","No (Single CSJ)","1",,"Chambers",,,,"408836.45"
"2026-08","119","Master Contract","0095-04-079","0095-04-079","No (Single CSJ)","1",,"Kaufman",,,,"1290272.5"
"2026-08","120","Master Contract","6507-88-001","6507-88-001","No (Single CSJ)","1",,"Mclennan",,,,"47372.27"
"2026-08","121","Master Contract","0916-00-254","0916-00-254","No (Single CSJ)","1",,"Nueces",,,,"5148857.38"
"2026-08","122","Master Contract","0913-28-101","0913-28-101","Yes (3 Sub-CSJs)","3",,"Fayette",,,,"1710089.1"
"2026-08",,"Sub-CSJ Project","0913-28-101","0913-28-104","Sub-CSJ of 0913-28-101","Sub-CSJ #2",,"Fayette",,,,".00"
"2026-08",,"Sub-CSJ Project","0913-28-101","0913-28-103","Sub-CSJ of 0913-28-101","Sub-CSJ #3",,"Fayette",,,,".00"
"2026-08","123","Master Contract","2528-01-006","2528-01-006","No (Single CSJ)","1",,"Reeves",,,,"8844235.35"
"2026-08","124","Master Contract","0069-07-113","0069-07-113","No (Single CSJ)","1",,"Tom Green",,,,"1800039.59"
"2026-08","125","Master Contract","0910-00-165","0910-00-165","No (Single CSJ)","1",,"Smith",,,,"926787"
"2026-08","126","Master Contract","0921-02-525","0921-02-525","No (Single CSJ)","1",,"Hidalgo",,,,"833832.29"
"2026-08","127","Master Contract","1012-03-027","1012-03-027","Yes (3 Sub-CSJs)","3",,"Collin",,,,"18327261.6"
"2026-08",,"Sub-CSJ Project","1012-03-027","1492-01-013","Sub-CSJ of 1012-03-027","Sub-CSJ #2",,"Collin",,,,".00"
"2026-08",,"Sub-CSJ Project","1012-03-027","1012-03-028","Sub-CSJ of 1012-03-027","Sub-CSJ #3",,"Collin",,,,".00"
"2026-08","128","Master Contract","2552-04-055","2552-04-055","Yes (2 Sub-CSJs)","2",,"El Paso",,,,"6949288"
"2026-08",,"Sub-CSJ Project","2552-04-055","2552-04-058","Sub-CSJ of 2552-04-055","Sub-CSJ #2",,"El Paso",,,,".00"
"2026-08","129","Master Contract","0842-03-037","0842-03-037","No (Single CSJ)","1",,"Victoria",,,,"33725491.1"
"2026-08","130","Master Contract","6507-97-001","6507-97-001","No (Single CSJ)","1",,"Mclennan",,,,"12800.1"
"2026-08","131","Master Contract","6507-96-001","6507-96-001","No (Single CSJ)","1",,"Mclennan",,,,"200930.43"
"2026-08","132","Master Contract","6507-95-001","6507-95-001","No (Single CSJ)","1",,"Falls",,,,"104720"
